"scenario";"year";"assessment";"rule";"rec";"initNage";"obsErr";"biomass_q95";"biomass_q50";"biomass_q05";"catch_q95";"catch_q50";"catch_q05";"catch.iyv_q95";"catch.iyv_q50";"catch.iyv_q05";"discards_q95";"discards_q50";"discards_q05";"disc.iyv_q95";"disc.iyv_q50";"disc.iyv_q05";"f_q95";"f_q50";"f_q05";"landings_q95";"landings_q50";"landings_q05";"land.iyv_q95";"land.iyv_q50";"land.iyv_q05";"rec_q95";"rec_q50";"rec_q05";"ssb_q95";"ssb_q50";"ssb_q05";"effort_q95";"effort_q50";"effort_q05";"tac_q95";"tac_q50";"tac_q05"
"ASSss3_HCR1_RECmed_INNvar_OERnaq";2018;"ss3";"1";"med";"var";"naq";200682.568010112;152646.335836154;123924.784053176;14060;14060;14060;0.641687415548619;0.641687415548619;0.641687415548619;0;0;0;NA;NA;NA;0.118310327193365;0.094109530776023;0.0719982723648084;14060;14060;14060;0.641687415548619;0.641687415548619;0.641687415548619;10753980.1029752;5195450.16214146;1651460.93108439;199857.527807462;152320.410685708;123694.558760791;0.450912553984978;0.362684671262906;0.28031473505878;14060;14060;14060
"ASSss3_HCR1_RECmed_INNvar_OERnaq";2019;"ss3";"1";"med";"var";"naq";261907.1798372;168486.464540516;120443.655786569;8979.13192382657;3706.90200298549;1e-06;0.638629582064479;0.263648791108499;7.11237553342816e-11;0;0;0;NA;NA;NA;0.0581068264524605;0.0220398317801723;0;8979.13192382657;3706.90200298549;1e-06;0.638629582064479;0.263648791108499;7.11237553342816e-11;12908600.4229668;6391241.49566333;2497050.45839494;240327.392478784;160211.651754207;115791.802372795;0.227687986076121;0.087781899595113;2.45232526755114e-11;8979.13192382657;3706.90200298549;1e-06
"ASSss3_HCR1_RECmed_INNvar_OERnaq";2020;"ss3";"1";"med";"var";"naq";326641.3440387;216062.448416234;129088.943676779;31529.835770893;2228.27918747639;1e-06;850777781.862946;0.753509780011582;1.5510814609777e-10;0;0;0;NA;NA;NA;0.117795308938855;0.0112354599066108;0;31529.835770893;2228.27918747639;1e-06;850777781.862946;0.753509780011582;1.5510814609777e-10;21498686.7482139;7146532.58266992;2638122.60511884;306204.385613441;203097.547341232;123107.227094337;0.449056894108148;0.0449835172533196;1.36212404729077e-11;31529.835770893;2228.27918747639;1e-06
"ASSss3_HCR1_RECmed_INNvar_OERnaq";2021;"ss3";"1";"med";"var";"naq";475816.241562238;257052.116702717;138024.501584007;34517.0230354397;1e-06;1e-06;30113302549.8928;2.4208100598991e-09;1.54686295702365e-10;0;0;0;NA;NA;NA;0.133660931779276;0;0;34517.0230354397;1e-06;1e-06;30113302549.8928;2.4208100598991e-09;1.54686295702365e-10;28210405.9481156;7789423.68847247;2259546.61294229;436671.938233931;245606.727568623;134072.277878323;0.505859738243065;1.98557906055329e-11;1.00673757759065e-11;34517.0230354397;1e-06;1e-06
"ASSss3_HCR1_RECmed_INNvar_OERnaq";2022;"ss3";"1";"med";"var";"naq";649595.176491087;313639.497562969;157090.869634521;46162.2644882853;29256.6383400139;1e-06;42308132427.0896;1;7.59720325192682e-10;0;0;0;NA;NA;NA;0.131305865058042;0.0631478880376905;0;46162.2644882853;29256.6383400139;1e-06;42308132427.0896;1;7.59720325192682e-10;26531885.0458238;9136105.59017891;2566032.70829398;599171.847621914;297634.469386428;152195.181280047;0.497521671660486;0.246854305670783;1.1258957728207e-11;46162.2644882853;29256.6383400139;1e-06
"ASSss3_HCR1_RECmed_INNvar_OERnaq";2023;"ss3";"1";"med";"var";"naq";677682.13241666;349673.211094565;178793.479019149;53560.0725038586;32318.7337093849;1e-06;36134815092.2745;1;3.32552886229505e-11;0;0;0;NA;NA;NA;0.132624657703228;0.0765597538450131;0;53560.0725038586;32318.7337093849;1e-06;36134815092.2745;1;3.32552886229505e-11;20961449.7210054;10477770.2634833;3469966.01447722;644580.740308507;329137.094629505;173726.879673737;0.502220619206729;0.297448697797732;1.16052574880155e-11;53560.0725038586;32318.7337093849;1e-06
"ASSss3_HCR1_RECmed_INNvar_OERnaq";2024;"ss3";"1";"med";"var";"naq";715751.877430323;391240.675685323;218542.961948764;60736.2220379075;36036.6076619697;1e-06;34729260461.0915;1.02656146658374;0.395898896702797;0;0;0;NA;NA;NA;0.132607199958982;0.0939071254925717;0;60736.2220379075;36036.6076619697;1e-06;34729260461.0915;1.02656146658374;0.395898896702797;26325897.2633344;9876080.90863064;4739712.69020548;672158.062806249;366493.913546666;208544.734142645;0.502158166497264;0.361938196078396;1.24874652609598e-11;60736.2220379075;36036.6076619697;1e-06
"ASSss3_HCR1_RECmed_INNvar_OERnaq";2025;"ss3";"1";"med";"var";"naq";682101.717500156;424996.293213238;213218.865660331;66733.8152010119;38741.3472872373;1e-06;34099197013.562;1.01120581630993;0.510565879307679;0;0;0;NA;NA;NA;0.138828876497986;0.0967469484445818;0;66733.8152010119;38741.3472872373;1e-06;34099197013.562;1.01120581630993;0.510565879307679;25374305.6367973;10735746.1200996;3514295.95760488;658312.957602407;400303.237128117;202835.231382507;0.524147894908243;0.372398169862876;1.47384831182923e-11;66733.8152010119;38741.3472872373;1e-06
"ASSss3_HCR1_RECmed_INNvar_OERnaq";2026;"ss3";"1";"med";"var";"naq";697272.815537802;455578.477338576;233847.175737211;63321.640298472;41444.9667326453;1e-06;33743952556.0166;1;0.739896734040539;0;0;0;NA;NA;NA;0.142781658364215;0.0970822206540537;0;63321.640298472;41444.9667326453;1e-06;33743952556.0166;1;0.739896734040539;18650752.6352079;11270040.9816102;4549451.33541955;671408.816270412;431624.208734311;224392.92248738;0.538118404848447;0.373631362671139;1.6037977083079e-11;63321.640298472;41444.9667326453;1e-06
"ASSss3_HCR1_RECmed_INNvar_OERnaq";2027;"ss3";"1";"med";"var";"naq";683472.227656962;476001.901148487;242382.964245919;71357.7392181879;45374.6944643909;1e-06;1507378165.34538;1.03110373775605;0.767390502110577;0;0;0;NA;NA;NA;0.142532361006417;0.103011601430516;0;71357.7392181879;45374.6944643909;1e-06;1507378165.34538;1.03110373775605;0.767390502110577;29215475.299398;11668288.8236485;4989243.70895812;655652.849681901;451762.964629162;228844.604423171;0.537240327676277;0.395366466243952;1.75152808491952e-11;71357.7392181879;45374.6944643909;1e-06
"ASSss3_HCR1_RECmed_INNvar_OERnaq";2028;"ss3";"1";"med";"var";"naq";725826.154197335;470699.914169131;255245.155674878;67751.2607815179;43596.796900417;1e-06;1460440662.09804;1;0.710453091680606;0;0;0;NA;NA;NA;0.147716090511042;0.101473258809382;0;67751.2607815179;43596.796900417;1e-06;1460440662.09804;1;0.710453091680606;31502266.4830332;12156188.5960218;6072492.38116374;685389.973406247;452968.442470446;244133.413554097;0.555471036870853;0.38974776677738;2.32780167907732e-11;67751.2607815179;43596.796900417;1e-06
"ASSss3_HCR1_RECmed_INNvar_OERnaq";2029;"ss3";"1";"med";"var";"naq";863096.076680221;497312.95044293;262267.130983574;67435.3949295921;44967.4083247384;2046.98875331616;1.44337440101909;0.994527190277118;0.748219675032298;0;0;0;NA;NA;NA;0.13642632249042;0.100692890747016;0.00725250441010566;67435.3949295921;44967.4083247384;2046.98875331616;1.44337440101909;0.994527190277118;0.748219675032298;23785731.5148649;12210473.9342469;5160117.44403727;804470.303197645;474621.788496841;248905.85709527;0.515604088855985;0.386888155720253;0.0290890474117685;67435.3949295921;44967.4083247384;2046.98875331616
"ASSss3_HCR1_RECmed_INNvar_OERnaq";2030;"ss3";"1";"med";"var";"naq";813473.241087667;512458.155872053;318208.250665948;71936.714532515;50234.1578515047;30060.4476378927;3.50050691934162;1.07507153002791;0.813881393683695;0;0;0;NA;NA;NA;0.142156287056026;0.104927032801491;0.0746559691662692;71936.714532515;50234.1578515047;30060.4476378927;3.50050691934162;1.07507153002791;0.813881393683695;23059775.4173241;11942352.0075274;4445528.61381834;775753.479612151;482304.318584414;295684.347185978;0.535914592186255;0.402363945142197;0.290305970050669;71936.714532515;50234.1578515047;30060.4476378927
"ASSss3_HCR1_RECmed_INNvar_OERnaq";2031;"ss3";"1";"med";"var";"naq";756372.287906582;518866.470857331;341121.041373272;77327.1745256647;50984.5381069647;32263.8156090705;1.52935269102744;1.00496920348359;0.779129242921383;0;0;0;NA;NA;NA;0.148248190566268;0.108793226784339;0.0773520740956865;77327.1745256647;50984.5381069647;32263.8156090705;1.52935269102744;1.00496920348359;0.779129242921383;30227162.0656338;11004512.0483311;4483875.10309216;734388.707451437;495278.363504034;331314.975483958;0.557336715863257;0.416450283571816;0.300417577677183;77327.1745256647;50984.5381069647;32263.8156090705
"ASSss3_HCR1_RECmed_INNvar_OERnaq";2032;"ss3";"1";"med";"var";"naq";827468.194793011;519454.311011154;338644.924822787;77501.2321121181;51658.123081964;33528.4314548741;1.41466845537668;0.969743959503475;0.765351450026068;0;0;0;NA;NA;NA;0.149734136023179;0.107659148349527;0.0683148620955806;77501.2321121181;51658.123081964;33528.4314548741;1.41466845537668;0.969743959503475;0.765351450026068;29671812.920328;12401632.2044102;4796388.27682284;772576.287268676;500194.769998333;315199.978666056;0.562540655932833;0.412323345061611;0.26642648913382;77501.2321121181;51658.123081964;33528.4314548741
"ASSss3_HCR1_RECmed_INNvar_OERnaq";2033;"ss3";"1";"med";"var";"naq";804719.267419781;502243.685932655;331926.277545462;73933.5645049805;51639.4621284769;35564.4251369055;1.53690721459145;0.969770143210021;0.735540277168618;0;0;0;NA;NA;NA;0.15472792334745;0.108526618459849;0.0739056966567074;73933.5645049805;51639.4621284769;35564.4251369055;1.53690721459145;0.969770143210021;0.735540277168618;29294518.4682614;10061329.8947906;4899943.44162982;775419.345738791;484052.059161109;314291.988831416;0.579995739642265;0.41548046880567;0.287488055461783;73933.5645049805;51639.4621284769;35564.4251369055
"ASSss3_HCR1_RECmed_INNvar_OERnaq";2034;"ss3";"1";"med";"var";"naq";843067.248169626;521376.626062117;316726.796498083;77213.132553712;51128.1401992424;34482.1926506829;1.4051649944013;1.0031899719069;0.797397704270278;0;0;0;NA;NA;NA;0.159101953650994;0.107762824477821;0.0766243983658696;77213.132553712;51128.1401992424;34482.1926506829;1.4051649944013;1.0031899719069;0.797397704270278;28728762.3467588;11213688.9303079;5261138.11001458;799237.492267505;500592.037612014;303507.446259762;0.595170822928901;0.412700640256208;0.297691010965627;77213.132553712;51128.1401992424;34482.1926506829
"ASSss3_HCR1_RECmed_INNvar_OERnaq";2035;"ss3";"1";"med";"var";"naq";811002.04569804;517135.877824504;308172.636180581;79601.4922916056;52727.0567560261;33044.5655449696;1.59456491204992;0.943728835544385;0.750403682693775;0;0;0;NA;NA;NA;0.166961840605186;0.108457968888023;0.0774796871341768;79601.4922916056;52727.0567560261;33044.5655449696;1.59456491204992;0.943728835544385;0.750403682693775;24588141.7168755;11545542.4237828;5401258.14914151;748888.26911989;497130.786477921;293390.238816341;0.622371868749117;0.415230666309866;0.300895673693171;79601.4922916056;52727.0567560261;33044.5655449696
"ASSss3_HCR1_RECmed_INNvar_OERnaq";2036;"ss3";"1";"med";"var";"naq";766923.562496654;529769.652024566;318837.202111557;82116.21714032;52213.7072583886;36868.4538319818;1.41985557509173;1.00035834535902;0.730349708031436;0;0;0;NA;NA;NA;0.147273217965326;0.112711386006529;0.0763068751211739;82116.21714032;52213.7072583886;36868.4538319818;1.41985557509173;1.00035834535902;0.730349708031436;27091387.7200438;10956811.1647985;4692487.17098025;724748.512060214;502772.503995523;310866.708577688;0.553913288717377;0.430675014493895;0.296500560800144;82116.21714032;52213.7072583886;36868.4538319818
"ASSss3_HCR1_RECmed_INNvar_OERnaq";2037;"ss3";"1";"med";"var";"naq";740961.897330405;524012.36628351;350940.62462025;84260.2556161598;53613.6642486924;36820.539174775;1.46222330492229;0.975382097043741;0.801836737432221;0;0;0;NA;NA;NA;0.152573474426649;0.1096456860279;0.0801338618721896;84260.2556161598;53613.6642486924;36820.539174775;1.46222330492229;0.975382097043741;0.801836737432221;25616243.864954;12333139.6189016;4854651.82657842;702490.719447842;507233.424575898;343653.565977785;0.572474959844745;0.419549321884578;0.310824930764108;84260.2556161598;53613.6642486924;36820.539174775
"ASSss3_HCR1_RECmed_INNvar_OERnaq";2038;"ss3";"1";"med";"var";"naq";730906.084597414;527546.229844176;345464.95390135;75635.1235662012;50023.4700533344;35865.5997048505;1.27012627650709;0.935886547921853;0.77669167539237;0;0;0;NA;NA;NA;0.15270550106401;0.109061948250085;0.0772476130105111;75635.1235662012;50023.4700533344;35865.5997048505;1.27012627650709;0.935886547921853;0.77669167539237;24609078.2614689;11632298.7815099;5091028.34606828;679524.989895683;504494.352192351;334493.765714657;0.572933481365643;0.417427486686813;0.300026417213023;75635.1235662012;50023.4700533344;35865.5997048505
"ASSss3_HCR1_RECmed_INNvar_OERnaq";2039;"ss3";"1";"med";"var";"naq";731022.416881194;507470.953093106;359555.063847096;72351.7834432148;51249.75075946;36520.3243545585;1.32309758911606;1.02066035398429;0.769912396602139;0;0;0;NA;NA;NA;0.147053326891575;0.110639782259558;0.0798476411918401;72351.7834432148;51249.75075946;36520.3243545585;1.32309758911606;1.02066035398429;0.769912396602139;32948442.4092082;11964303.990618;4908790.16978168;694387.979408271;490116.20530627;340604.520227566;0.553144963409646;0.423160252819307;0.309754709361271;72351.7834432149;51249.75075946;36520.3243545585
"ASSss3_HCR1_RECmed_INNvar_OERnaq";2040;"ss3";"1";"med";"var";"naq";791990.28675835;505767.65758451;340774.010133853;81095.3524136298;49634.5043625259;36065.9502420953;1.41868821628904;0.947205325459265;0.779245409994729;0;0;0;NA;NA;NA;0.160493699319884;0.105602811921648;0.0716748813116053;81095.3524136298;49634.5043625259;36065.9502420953;1.41868821628904;0.947205325459265;0.779245409994729;27394145.7628868;11050603.392344;4496901.90597222;740365.966858832;479830.317951027;325773.865784002;0.600008225748279;0.404829749010813;0.279096735230604;81095.3524136298;49634.5043625259;36065.9502420952
"ASSss3_HCR1_RECmed_INNvar_OERnaq";2041;"ss3";"1";"med";"var";"naq";798331.102898546;502877.916085893;352326.625917236;76740.2957081123;50984.6989096692;34576.8758942579;1.50352565663853;0.972812656573094;0.797028038495964;0;0;0;NA;NA;NA;0.160459000801066;0.104422861209036;0.0759977040933025;76740.2957081123;50984.6989096692;34576.8758942579;1.50352565663853;0.972812656573094;0.797028038495964;27278426.8016057;10964568.9664977;4976497.92610469;759546.446855122;481237.190651787;337764.28023402;0.599888254934818;0.400523274656315;0.295339954873859;76740.2957081123;50984.6989096692;34576.8758942579
"ASSss3_HCR1_RECmed_INNvar_OERnaq";2042;"ss3";"1";"med";"var";"naq";834518.226688514;513849.864073499;346962.119306498;72949.5430604706;52132.588935364;34671.0523384455;1.45397700064221;0.958787727729477;0.708097810086111;0;0;0;NA;NA;NA;0.151395718564955;0.105589098767398;0.0752941125682834;72949.5430604706;52132.588935364;34671.0523384455;1.45397700064221;0.958787727729477;0.708097810086111;26347351.3694445;12035520.2567827;5113570.49815567;783299.89445865;495463.7654756;337210.59289852;0.568360586335506;0.404779724820361;0.292701711210766;72949.5430604706;52132.588935364;34671.0523384455
"ASSss3_HCR1_RECmed_INNvar_OERnaq";2043;"ss3";"1";"med";"var";"naq";752035.906877184;514514.935884173;336446.726389814;79530.0751627506;53434.1654394879;34736.8087743981;1.50699913428233;0.971889689508421;0.798401277636965;0;0;0;NA;NA;NA;0.152605812369885;0.11037896964945;0.0790205967782707;79530.0751627506;53434.1654394879;34736.8087743981;1.50699913428233;0.971889689508421;0.798401277636965;29789600.2577053;11854772.8472673;4281632.18937842;725108.598142921;492376.684739569;319506.640111016;0.572579848908828;0.422213191930871;0.30665899943591;79530.0751627506;53434.1654394879;34736.8087743981
"ASSss3_HCR1_RECmed_INNvar_OERnaq";2044;"ss3";"1";"med";"var";"naq";752945.040995959;507321.407413021;311137.206905654;80422.027214513;50696.7006748612;33014.6464014192;1.34952352402305;0.9662456085615;0.772750207326136;0;0;0;NA;NA;NA;0.150639537406785;0.106200751556442;0.0749461836278627;80422.027214513;50696.7006748612;33014.6464014192;1.34952352402305;0.9662456085615;0.772750207326136;33773038.1902755;11330023.2806393;5081660.96049987;698397.615385897;485262.052082499;301847.418818738;0.565704716549103;0.407007894290355;0.291395666689581;80422.027214513;50696.7006748612;33014.6464014192
"ASSss3_HCR1_RECmed_INNvar_OERnaq";2045;"ss3";"1";"med";"var";"naq";842207.452288498;517404.159416408;311557.844318383;87144.1396479234;52486.6241967984;33968.5693028573;1.48218526543449;1.0138063162506;0.728184014688319;0;0;0;NA;NA;NA;0.160400348304425;0.106423237757411;0.063657545369679;87144.1396479234;52486.6241967984;33968.5693028573;1.48218526543449;1.0138063162506;0.728184014688319;28480242.7958582;12918639.3208604;4942590.16489185;800757.240091069;500311.930754406;294159.472892856;0.599683771812157;0.407821268843113;0.248794914983289;87144.1396479234;52486.6241967984;33968.5693028573
"ASSss3_HCR1_RECmed_INNvar_OERnaq";2046;"ss3";"1";"med";"var";"naq";881083.559843597;538691.540808211;316937.608740952;85358.5677181025;50010.8493015024;33450.0321804421;1.37184710959758;0.977301188474693;0.75778296440903;0;0;0;NA;NA;NA;0.158488153342558;0.106229927278221;0.0652174870588634;85358.5677181025;50010.8493015024;33450.0321804421;1.37184710959758;0.977301188474693;0.75778296440903;26904754.1527515;11663009.0935762;4779129.93801344;848228.825615927;514709.342555526;306555.420933046;0.593040921521679;0.407116451074988;0.254711416053474;85358.5677181025;50010.8493015025;33450.0321804421
"ASSss3_HCR1_RECmed_INNvar_OERnaq";2047;"ss3";"1";"med";"var";"naq";835663.5985962;534073.228932224;337472.450896218;74482.0073571706;52723.3079209925;35330.7559197703;1.47635421882707;0.982173680020037;0.786108159566123;0;0;0;NA;NA;NA;0.146131171128885;0.104306123039886;0.0728118208799632;74482.0073571706;52723.3079209925;35330.7559197703;1.47635421882707;0.982173680020037;0.786108159566123;32071711.8503649;12200347.1670453;4998917.59497717;821846.58497851;510991.472833038;317108.867953312;0.54990608578896;0.400096990698406;0.283375841285718;74482.0073571707;52723.3079209925;35330.7559197703
"ASSss3_HCR1_RECmed_INNvar_OERnaq";2048;"ss3";"1";"med";"var";"naq";850501.040098413;547922.671986763;354446.244016505;80827.3043474751;53883.7045083384;35093.1463221026;1.61095734130209;0.983107846661127;0.780347484664409;0;0;0;NA;NA;NA;0.148130438783038;0.10653459423152;0.0719818627146993;80827.3043474751;53883.7045083384;35093.1463221026;1.61095734130209;0.983107846661127;0.780347484664409;27950394.9380101;10201472.7681054;4979248.19127123;806423.642462201;528540.988421438;339694.54684298;0.556924550796739;0.408227050225228;0.28025304223224;80827.3043474751;53883.7045083384;35093.1463221026
"ASSss3_HCR1_RECmix_INNvar_OERnaq";2018;"ss3";"1";"mix";"var";"naq";205891.459896297;151969.17702548;121811.299788737;14060;14060;14060;0.641687415548619;0.641687415548619;0.641687415548619;0;0;0;NA;NA;NA;0.119820563176728;0.0953941505307352;0.0719765095073114;14060;14060;14060;0.641687415548619;0.641687415548619;0.641687415548619;8212708.41165101;4501981.67064834;2277617.14676757;205289.071277221;151725.754460357;121594.907629378;0.456355406707095;0.367418639453526;0.28023274708948;14060;14060;14060
"ASSss3_HCR1_RECmix_INNvar_OERnaq";2019;"ss3";"1";"mix";"var";"naq";229209.989841729;162438.005200004;122580.662101055;8882.67404095426;4260.2366839426;1e-06;0.631769135203006;0.303004031574865;7.11237553342816e-11;0;0;0;NA;NA;NA;0.0520668898084166;0.024994430965451;0;8882.67404095426;4260.2366839426;1e-06;0.631769135203006;0.303004031574865;7.11237553342816e-11;15372296.1572383;7395987.32556631;3383054.34556247;215360.177680589;154953.279325802;118590.681142341;0.204569476664134;0.0993690374580207;2.58693466540349e-11;8882.67404095426;4260.23668394259;1e-06
"ASSss3_HCR1_RECmix_INNvar_OERnaq";2020;"ss3";"1";"mix";"var";"naq";303126.871901253;211496.253090197;155688.557023176;6659.26657865392;2460.36933882424;1e-06;560574.937844866;0.72791345033996;1.67233501749407e-10;0;0;0;NA;NA;NA;0.0432541347536813;0.0135728751183145;0;6659.26657865392;2460.36933882424;1e-06;560574.937844866;0.72791345033996;1.67233501749407e-10;13503409.6970208;2429845.14714039;233142.864434778;277629.016434721;197424.824648413;146590.131154929;0.170660344210196;0.0543198730286791;1.61320266952475e-11;6659.26657865392;2460.36933882424;1e-06
"ASSss3_HCR1_RECmix_INNvar_OERnaq";2021;"ss3";"1";"mix";"var";"naq";377536.340909831;190668.771544995;124216.659655957;36202.5003071113;1e-06;1e-06;30533310468.3019;3.3745136266992e-09;1.68122516200885e-10;0;0;0;NA;NA;NA;0.149429828771309;0;0;36202.5003071113;1e-06;1e-06;30533310468.3019;3.3745136266992e-09;1.68122516200885e-10;18194561.1150893;6093292.33708117;48.894908044413;350780.621009812;184797.894738733;123004.124710719;0.561477810924569;2.67162751565041e-11;1.31596420624879e-11;36202.5003071113;1e-06;1e-06
"ASSss3_HCR1_RECmix_INNvar_OERnaq";2022;"ss3";"1";"mix";"var";"naq";426797.089563892;239790.778786436;135933.008365427;40697.2540580678;1e-06;1e-06;31396858370.1033;1;3.47256008459861e-11;0;0;0;NA;NA;NA;0.147498582332654;0;0;40697.2540580678;1e-06;1e-06;31396858370.1033;1;3.47256008459861e-11;801937.849566484;373417.681805303;141746.731602577;398639.47704748;226869.387750058;129227.790575238;0.554707669090666;2.73059168193623e-11;1.40141547213837e-11;40697.2540580678;1e-06;1e-06
"ASSss3_HCR1_RECmix_INNvar_OERnaq";2023;"ss3";"1";"mix";"var";"naq";330642.742574639;185113.756606774;110016.383612465;41463.9323740349;1e-06;1e-06;33115307826.9048;1;3.33213589236161e-11;0;0;0;NA;NA;NA;0.171751470598395;0;0;41463.9323740349;1e-06;1e-06;33115307826.9048;1;3.33213589236161e-11;9572392.12746788;5238125.99508286;2338861.64535565;326541.888320641;183070.153887445;109086.116955954;0.638852866496694;2.9645686262822e-11;1.71178732671539e-11;41463.9323740349;1e-06;1e-06
"ASSss3_HCR1_RECmix_INNvar_OERnaq";2024;"ss3";"1";"mix";"var";"naq";320923.273636631;196014.509988511;114004.934087724;32278.9577966233;1e-06;1e-06;1;1;2.89766404287396e-11;0;0;0;NA;NA;NA;0.112306377865358;0;0;32278.9577966233;1e-06;1e-06;1;1;2.89766404287396e-11;14225760.9476924;6766941.48581939;3128756.94734579;308778.059468875;187704.537120132;110661.280713772;0.429206955367891;2.3257415672612e-11;1.55226006034103e-11;32278.9577966233;1e-06;1e-06
"ASSss3_HCR1_RECmix_INNvar_OERnaq";2025;"ss3";"1";"mix";"var";"naq";364623.770093797;228107.194986532;146853.876528409;34708.6384234171;1e-06;1e-06;30000740610.361;1;0.157127562201525;0;0;0;NA;NA;NA;0.13161447870489;0;0;34708.6384234171;1e-06;1e-06;30000740610.361;1;0.157127562201525;15042931.5945314;3852936.15646734;227755.359602575;341169.855486278;215549.070413765;142159.423980353;0.498612843622189;2.26531991474241e-11;1.39042998817418e-11;34708.6384234171;1e-06;1e-06
"ASSss3_HCR1_RECmix_INNvar_OERnaq";2026;"ss3";"1";"mix";"var";"naq";424313.264305086;251200.812288622;120943.934643681;40477.5364323023;1e-06;1e-06;37938785633.1581;1;0.773376750685506;0;0;0;NA;NA;NA;0.155830599075075;0;0;40477.5364323023;1e-06;1e-06;37938785633.1581;1;0.773376750685506;14757627.4103935;6183133.41144902;40.5028665105047;400601.919917292;240133.543180087;119833.995882526;0.583788896004919;2.63669377465866e-11;1.31800530872624e-11;40477.5364323023;1e-06;1e-06
"ASSss3_HCR1_RECmix_INNvar_OERnaq";2027;"ss3";"1";"mix";"var";"naq";404749.787227238;262865.229471347;131309.658906944;40112.6286924876;1e-06;1e-06;33631584871.7834;1;3.21977379165718e-11;0;0;0;NA;NA;NA;0.140281110208338;0;0;40112.6286924876;1e-06;1e-06;33631584871.7834;1;3.21977379165718e-11;763085.094056562;352571.634968325;165101.594080231;380546.611555085;254368.533134168;125625.610526997;0.529288674804117;2.91353908843837e-11;1.35522171838585e-11;40112.6286924876;1e-06;1e-06
"ASSss3_HCR1_RECmix_INNvar_OERnaq";2028;"ss3";"1";"mix";"var";"naq";307967.157746695;197879.221376309;104972.691412003;39710.0532847387;1e-06;1e-06;34702821726.7243;1;3.4797594894305e-11;0;0;0;NA;NA;NA;0.166341731829869;0;0;39710.0532847387;1e-06;1e-06;34702821726.7243;1;3.4797594894305e-11;12494369.3272333;5710203.47490255;2312313.62385008;305005.35542231;196289.771347686;103826.704945238;0.62023437528261;3.58109870384338e-11;1.76949887503146e-11;39710.0532847387;1e-06;1e-06
"ASSss3_HCR1_RECmix_INNvar_OERnaq";2029;"ss3";"1";"mix";"var";"naq";320001.103307343;207716.713291049;114139.191971339;34297.6565387567;1e-06;1e-06;1;1;2.80330342732242e-11;0;0;0;NA;NA;NA;0.146766947517687;0;0;34297.6565387567;1e-06;1e-06;1;1;2.80330342732242e-11;16711152.1969772;7047071.59283373;2918597.78037398;301030.1229728;197847.62376373;109736.709245516;0.552136474178154;2.23437378340322e-11;1.53064425019639e-11;34297.6565387567;1e-06;1e-06
"ASSss3_HCR1_RECmix_INNvar_OERnaq";2030;"ss3";"1";"mix";"var";"naq";370188.803004216;233583.984669312;144811.20365417;37950.2687722714;1e-06;1e-06;33223396984.0497;1;0.830039590325482;0;0;0;NA;NA;NA;0.15914154563959;0;0;37950.2687722714;1e-06;1e-06;33223396984.0497;1;0.830039590325482;11292747.6060037;4478946.6948149;283542.533206113;342942.273700615;224753.749869151;138118.368733038;0.595295805382519;2.52725997432093e-11;1.36655951161094e-11;37950.2687722714;1e-06;1e-06
"ASSss3_HCR1_RECmix_INNvar_OERnaq";2031;"ss3";"1";"mix";"var";"naq";385923.954565135;247104.795853438;118526.27862277;42709.081820632;28606.637033832;1e-06;38425215338.738;1;3.31881563857162e-11;0;0;0;NA;NA;NA;0.200162706212531;0.0954765232815577;0;42709.081820632;28606.637033832;1e-06;38425215338.738;1;3.31881563857162e-11;15082723.2349584;6994743.82184336;29.7333601828614;365459.237195489;237232.209639474;117110.23874025;0.734976172213507;0.367721116247265;1.44709775789892e-11;42709.081820632;28606.637033832;1e-06
"ASSss3_HCR1_RECmix_INNvar_OERnaq";2032;"ss3";"1";"mix";"var";"naq";401755.505722282;267496.193426031;138437.357282633;50085.6217938448;28170.2456151461;1e-06;32134566953.0559;1;3.1097808668552e-11;0;0;0;NA;NA;NA;0.217818169289168;0.0846365744971641;0;50085.6217938448;28170.2456151461;1e-06;32134566953.0559;1;3.1097808668552e-11;782804.506602901;358379.449447553;154523.345789036;378608.718813341;255051.777915582;131911.410348365;0.793484510022834;0.327616413459527;1.45785243491799e-11;50085.6217938448;28170.2456151461;1e-06
"ASSss3_HCR1_RECmix_INNvar_OERnaq";2033;"ss3";"1";"mix";"var";"naq";306962.487795665;197337.862050604;105738.275812915;49158.2583096757;31594.6703855202;1e-06;37488526992.4968;1.00038968733897;3.21513246942495e-11;0;0;0;NA;NA;NA;0.219904681028682;0.144199152805287;0;49158.2583096757;31594.6703855202;1e-06;37488526992.4968;1.00038968733897;3.21513246942495e-11;10963798.3918047;5203958.45487625;2619031.58830247;303866.118532693;195039.384718969;104586.937625694;0.800339698762723;0.54311028496257;2.06481685203605e-11;49158.2583096757;31594.6703855202;1e-06
"ASSss3_HCR1_RECmix_INNvar_OERnaq";2034;"ss3";"1";"mix";"var";"naq";299197.652480698;193847.249862563;119547.148407396;39490.443008101;1e-06;1e-06;1;0.868587471968503;2.88894837512704e-11;0;0;0;NA;NA;NA;0.211508751726952;0;0;39490.443008101;1e-06;1e-06;1;0.868587471968503;2.88894837512704e-11;14296882.7378598;5999656.02031147;2886391.79047972;288769.509059604;184281.444091802;115014.108360955;0.772657029782011;2.8186297211123e-11;1.75948860138931e-11;39490.443008101;1e-06;1e-06
"ASSss3_HCR1_RECmix_INNvar_OERnaq";2035;"ss3";"1";"mix";"var";"naq";294430.438872648;224989.703181627;151383.078012543;44323.1941222809;1e-06;1e-06;33969725733.6468;1;3.3628097121987e-11;0;0;0;NA;NA;NA;0.225148369038853;0;0;44323.1941222809;1e-06;1e-06;33969725733.6468;1;3.3628097121987e-11;11437364.250125;3966231.37822265;224940.800365062;285528.358330983;213913.76766164;142223.377169816;0.817406590489792;2.69582615102957e-11;1.62566405899342e-11;44323.1941222809;1e-06;1e-06
"ASSss3_HCR1_RECmix_INNvar_OERnaq";2036;"ss3";"1";"mix";"var";"naq";348699.892998281;231025.581917444;115134.930720808;50012.7624560584;30425.1399315506;1e-06;38230159464.8584;1;3.43894852364653e-11;0;0;0;NA;NA;NA;0.238631936739301;0.126503427912511;0;50012.7624560584;30425.1399315506;1e-06;38230159464.8584;1;3.43894852364653e-11;15249110.5179033;6790345.14365615;2418563.23014909;326839.08929747;222569.10192797;113912.738461305;0.861169764665681;0.480352057622707;1.60759194943365e-11;50012.7624560584;30425.1399315506;1e-06
"ASSss3_HCR1_RECmix_INNvar_OERnaq";2037;"ss3";"1";"mix";"var";"naq";401818.100879076;231516.753014868;121259.524342606;51678.7540418625;28183.6046122195;1e-06;30166249998.1995;1;3.10638870210254e-11;0;0;0;NA;NA;NA;0.210289139926598;0.101147475498724;0;51678.7540418625;28183.6046122195;1e-06;30166249998.1995;1;3.10638870210254e-11;932895.16872711;338438.85974332;193074.661306434;375836.216125062;220246.418798551;116192.234979669;0.768632024533762;0.388532462768162;1.74629929548152e-11;51678.7540418625;28183.6046122195;1e-06
"ASSss3_HCR1_RECmix_INNvar_OERnaq";2038;"ss3";"1";"mix";"var";"naq";293797.058935254;173547.288778505;98052.4389413475;56777.3409857332;32100.2406001055;1e-06;35193773219.4303;1;0.71720909394091;0;0;0;NA;NA;NA;0.29912680549568;0.171138099722832;0;56777.3409857332;32100.2406001055;1e-06;35193773219.4303;1;0.71720909394091;10741941.4966245;4697225.15113941;2540205.19363537;290631.901043602;171981.702551743;97002.6828208796;1.05070418529925;0.636746508682914;2.4268496838891e-11;56777.3409857332;32100.2406001055;1e-06
"ASSss3_HCR1_RECmix_INNvar_OERnaq";2039;"ss3";"1";"mix";"var";"naq";289375.437009124;175485.055378368;109315.94415205;42550.2451095478;1e-06;1e-06;1;0.817487146502377;2.9482565411355e-11;0;0;0;NA;NA;NA;0.23752009979597;0;0;42550.2451095478;1e-06;1e-06;1;0.817487146502377;2.9482565411355e-11;20550798.332097;6960973.5149496;2861837.66300662;276862.722712206;166430.204408629;103262.297068751;0.857584869492712;3.4678905617078e-11;1.72514706661514e-11;42550.2451095478;1e-06;1e-06
"ASSss3_HCR1_RECmix_INNvar_OERnaq";2040;"ss3";"1";"mix";"var";"naq";384427.147978678;208898.64113602;139972.587425521;43062.5677644343;9947.30506540806;1e-06;32116617428.0784;1;3.39961745988602e-11;0;0;0;NA;NA;NA;0.251001004027708;0.034451996936733;0;43062.5677644343;9947.30506540806;1e-06;32116617428.0784;1;3.39961745988602e-11;13065912.2829004;2737827.90697777;226303.441970022;347008.201975736;197544.730347368;132374.1067811;0.900786569294501;0.135605953576658;1.47115152564129e-11;43062.5677644343;9947.30506540806;1e-06
"ASSss3_HCR1_RECmix_INNvar_OERnaq";2041;"ss3";"1";"mix";"var";"naq";404139.561052826;201168.348996557;99699.2632481095;51071.8665314861;32964.5337469832;1e-06;46290270429.9735;1.07053491596157;3.37244871989513e-11;0;0;0;NA;NA;NA;0.383495114798319;0.147840625418218;0;51071.8665314861;32964.5337469832;1e-06;46290270429.9735;1.07053491596157;3.37244871989513e-11;13896782.3660641;5085548.22921431;25.8147826599471;383779.677589875;195006.321248303;98586.5976692698;1.29792741653324;0.555907937034538;1.61990400733221e-11;51071.8665314862;32964.5337469832;1e-06
"ASSss3_HCR1_RECmix_INNvar_OERnaq";2042;"ss3";"1";"mix";"var";"naq";405529.514185439;199952.089752718;91168.9973327098;52523.8138103435;30934.9402763423;1e-06;31384649735.1986;0.98141759703233;2.93350664494391e-11;0;0;0;NA;NA;NA;0.325841117281947;0.129560879006801;0;52523.8138103435;30934.9402763423;1e-06;31384649735.1986;0.98141759703233;2.93350664494391e-11;767028.675364532;343047.806573771;151197.904399084;393424.780985523;190466.087993657;86832.8257025251;1.13110274546726;0.491289789984507;2.53365059820246e-11;52523.8138103435;30934.9402763423;1e-06
"ASSss3_HCR1_RECmix_INNvar_OERnaq";2043;"ss3";"1";"mix";"var";"naq";300728.174686666;148804.971316548;62906.2474332001;57081.4505542243;31593.3685792717;1e-06;31720163916.9844;1;3.50058293001966e-11;0;0;0;NA;NA;NA;0.417142233985487;0.173957177754879;0;57081.4505542243;31593.3685792717;1e-06;31720163916.9844;1;3.50058293001966e-11;10337272.9866058;3966430.42288721;1384078.63212189;299727.944143883;147646.012977374;62355.3729106696;1.39126237822735;0.646421009134034;2.82890440019311e-11;57081.4505542243;31593.3685792717;1e-06
"ASSss3_HCR1_RECmix_INNvar_OERnaq";2044;"ss3";"1";"mix";"var";"naq";268549.451218628;147995.083769764;66633.3302515126;45165.7261623996;1e-06;1e-06;1;0.868500921590053;2.85476328749231e-11;0;0;0;NA;NA;NA;0.296558649895354;0;0;45165.7261623996;1e-06;1e-06;1;0.868500921590053;2.85476328749231e-11;18717014.2227885;6754830.60441945;2502837.64244593;255034.589000271;141436.188171213;62613.6954467479;1.04286113233919;4.58623011405704e-11;2.13516888225414e-11;45165.7261623996;1e-06;1e-06
"ASSss3_HCR1_RECmix_INNvar_OERnaq";2045;"ss3";"1";"mix";"var";"naq";359062.436730498;186320.670941402;122999.613097373;41317.5055546239;1e-06;1e-06;29454153176.4538;1;1.08054269219564e-10;0;0;0;NA;NA;NA;0.236242015684345;0;0;41317.5055546239;1e-06;1e-06;29454153176.4538;1;1.08054269219564e-10;10448319.407117;461691.834503518;218392.519337968;328333.660653769;171968.92887653;112069.90680939;0.853394955641496;3.91704878797736e-11;1.92369570937219e-11;41317.5055546239;1e-06;1e-06
"ASSss3_HCR1_RECmix_INNvar_OERnaq";2046;"ss3";"1";"mix";"var";"naq";375255.65927478;151153.971252704;90721.383962037;50626.3080887898;32122.7263330463;1e-06;42719712674.9784;1.13197374252469;0.857343542215834;0;0;0;NA;NA;NA;0.356919072228028;0.176701754275341;0;50626.3080887898;32122.7263330463;1e-06;42719712674.9784;1.13197374252469;0.857343542215834;12089799.8959374;4665198.53094837;21.2210629996562;352966.046827207;148927.156291429;89392.1644175471;1.22210425719209;0.655743529185818;2.37490126850914e-11;50626.3080887898;32122.7263330463;1e-06
"ASSss3_HCR1_RECmix_INNvar_OERnaq";2047;"ss3";"1";"mix";"var";"naq";342444.329266942;163030.820349005;87513.8887611198;55869.4641293234;1e-06;1e-06;1.33506223367901;0.998400675973858;2.91324363544984e-11;0;0;0;NA;NA;NA;0.327690911147302;0;0;55869.4641293234;1e-06;1e-06;1.33506223367901;0.998400675973858;2.91324363544984e-11;841920.677921362;330658.586217901;130966.575905015;321376.070064431;154588.581677069;83698.336957807;1.13650918000112;5.57305905054621e-11;2.20053019073322e-11;55869.4641293234;1e-06;1e-06
"ASSss3_HCR1_RECmix_INNvar_OERnaq";2048;"ss3";"1";"mix";"var";"naq";232852.872669869;124451.7143613;65769.79948937;51047.4308839368;31959.9822927311;1e-06;38570648279.8017;1;3.50161879562593e-11;0;0;0;NA;NA;NA;0.406531062700872;0.203467698627527;0;51047.4308839368;31959.9822927311;1e-06;38570648279.8017;1;3.50161879562593e-11;8123831.32640408;3941771.09889795;1595638.987869;230261.736397042;122879.325064963;64960.2427146771;1.36210243793048;0.745956551371899;2.90779294767913e-11;51047.4308839368;31959.9822927311;1e-06
"ASSss3_HCR2_RECmed_INNvar_OERnaq";2018;"ss3";"2";"med";"var";"naq";208068.25060654;152132.061637965;129354.848100684;14060;14060;14060;0.641687415548619;0.641687415548619;0.641687415548619;0;0;0;NA;NA;NA;0.114671447268614;0.0938709720599416;0.0691513616942281;14060;14060;14060;0.641687415548619;0.641687415548619;0.641687415548619;12678907.5362683;5537460.80171244;2326261.86961909;207598.397065234;151783.964348795;129245.230614119;0.437771931894453;0.361804929671687;0.269584502877254;14060;14060;14060
"ASSss3_HCR2_RECmed_INNvar_OERnaq";2019;"ss3";"2";"med";"var";"naq";278898.133543831;171231.326794793;127940.12113627;19684.0826904953;15259.3685037471;12153.2464496806;1.40000588125856;1.08530359201615;0.86438452700431;0;0;0;NA;NA;NA;0.140545938918705;0.0914304935307828;0.0594103151808027;19684.0826904953;15259.3685037471;12153.2464496806;1.40000588125856;1.08530359201615;0.86438452700431;14897431.8880339;5445800.93956011;2260362.97442941;258352.18268953;162006.9756869;123166.663915292;0.530225066378862;0.352793699093299;0.232655600869977;19684.0826904953;15259.3685037471;12153.2464496806
"ASSss3_HCR2_RECmed_INNvar_OERnaq";2020;"ss3";"2";"med";"var";"naq";328124.802019898;202865.060790927;123576.048635532;27696.2558129451;15817.9021477875;11229.440197909;1.76909850310784;1.06512497854929;0.742134404937171;0;0;0;NA;NA;NA;0.128482725746046;0.0915920392320672;0.0544786408544438;27696.2558129451;15817.9021477875;11229.440197909;1.76909850310784;1.06512497854929;0.742134404937171;17741494.2605077;6497407.74954852;2348543.00470523;307044.178150343;190663.786081036;118454.722002431;0.487436954534932;0.353390904463828;0.21385166095404;27696.2558129451;15817.9021477875;11229.440197909
"ASSss3_HCR2_RECmed_INNvar_OERnaq";2021;"ss3";"2";"med";"var";"naq";448010.780217188;216964.204727495;123271.58379953;37171.1511371436;18222.8620729749;10965.9509259532;1.74991518841059;1.08005795265949;0.762582519856763;0;0;0;NA;NA;NA;0.130848941993656;0.0886478981122736;0.0509813037646665;37171.1511371436;18222.8620729749;10965.9509259532;1.74991518841059;1.08005795265949;0.762582519856763;19631681.8346569;7386504.6498993;2220728.19347987;415206.049110128;204305.60743453;116826.165921284;0.495890644942966;0.342504077726228;0.200408919091743;37171.1511371436;18222.8620729749;10965.9509259532
"ASSss3_HCR2_RECmed_INNvar_OERnaq";2022;"ss3";"2";"med";"var";"naq";531014.813971613;245511.273830096;134027.533217485;43544.2436092058;21299.0543572333;10230.5669958435;2.01608537111907;1.09088769805243;0.787147318051525;0;0;0;NA;NA;NA;0.140168815671415;0.0901701747126643;0.0537031434334094;43544.2436092058;21299.0543572333;10230.5669958435;2.01608537111907;1.09088769805243;0.787147318051525;22701967.5285309;8614756.14531299;2629585.71902616;487341.087259046;231382.15319121;126876.100152953;0.528891948499919;0.348132589309009;0.210884642955397;43544.2436092058;21299.0543572333;10230.5669958435
"ASSss3_HCR2_RECmed_INNvar_OERnaq";2023;"ss3";"2";"med";"var";"naq";579376.946600353;307984.392958447;126943.910283544;49471.2744157;23026.1723508192;11581.4336256316;1.85281278121278;1.09948161761209;0.796398706518801;0;0;0;NA;NA;NA;0.127906402157464;0.086634737670247;0.0533425000534883;49471.2744157;23026.1723508192;11581.4336256316;1.85281278121278;1.09948161761209;0.796398706518801;19062264.2320655;8453304.03578105;3321331.04778367;537820.459728577;287672.604481661;121633.088550504;0.485375510923115;0.335050546810687;0.209508313860221;49471.2744157;23026.1723508192;11581.4336256316
"ASSss3_HCR2_RECmed_INNvar_OERnaq";2024;"ss3";"2";"med";"var";"naq";577097.830415366;342852.227959699;168710.948644118;53071.7078906795;30553.5067728126;11910.8069204555;2.10758858584498;1.1681071733124;0.798077170829041;0;0;0;NA;NA;NA;0.131551875993548;0.09623219613891;0.0639816762436054;53071.7078906795;30553.5067728126;11910.8069204555;2.10758858584498;1.1681071733124;0.798077170829041;24290305.0799181;9697804.04790672;3562555.37793788;554477.125528047;320934.853403546;155595.349881143;0.498393656568803;0.37050422631308;0.250027054004218;53071.7078906795;30553.5067728126;11910.8069204555
"ASSss3_HCR2_RECmed_INNvar_OERnaq";2025;"ss3";"2";"med";"var";"naq";652453.482283917;381462.74588224;186782.779452074;58011.8652391622;35115.4709541887;14231.6724979225;1.60606933846815;1.02375071672611;0.815494100626632;0;0;0;NA;NA;NA;0.133918826504515;0.0936778871587987;0.0648377125973143;58011.8652391622;35115.4709541887;14231.6724979225;1.60606933846815;1.02375071672611;0.815494100626632;27051733.4502144;9876858.7337003;3740928.84446167;616327.319795005;360444.233860442;175726.460323021;0.506727265538922;0.361092173058383;0.253272432376557;58011.8652391622;35115.4709541887;14231.6724979225
"ASSss3_HCR2_RECmed_INNvar_OERnaq";2026;"ss3";"2";"med";"var";"naq";767073.332021751;393576.002240464;207298.347540973;61861.5128752906;37521.0435034834;15629.1448315091;1.8643838404946;1.03922095844554;0.812450063255684;0;0;0;NA;NA;NA;0.147493334184623;0.0999352336296984;0.0606572080553802;61861.5128752906;37521.0435034834;15629.1448315091;1.8643838404946;1.03922095844554;0.812450063255684;21895411.5793256;11582171.7248458;4261262.68926145;711612.207467446;378517.753418051;196994.201775083;0.55468935340371;0.384108299403479;0.237401437966782;61861.5128752906;37521.0435034834;15629.1448315091
"ASSss3_HCR2_RECmed_INNvar_OERnaq";2027;"ss3";"2";"med";"var";"naq";745226.60648159;411301.405759442;218675.412761491;66026.0864971826;40732.4927122411;18238.4554796819;1.73879658479683;1.04245784016612;0.743145893570677;0;0;0;NA;NA;NA;0.140416099474068;0.101276164742174;0.0715208911286793;66026.0864971826;40732.4927122411;18238.4554796819;1.73879658479683;1.04245784016612;0.743145893570677;27522363.9406597;11099340.5748992;4514469.72628968;722483.049778826;391622.52927953;210228.620085386;0.529766504174159;0.389025677819399;0.278517262599886;66026.0864971826;40732.4927122411;18238.4554796819
"ASSss3_HCR2_RECmed_INNvar_OERnaq";2028;"ss3";"2";"med";"var";"naq";744690.808607428;445779.40654197;225725.368643331;66844.7927736428;41783.4076628487;20603.6991098287;1.53765229404136;1.02309307746984;0.793391862504785;0;0;0;NA;NA;NA;0.141074590355958;0.100619092629637;0.0723830536760862;66844.7927736428;41783.4076628487;20603.6991098287;1.53765229404136;1.02309307746984;0.793391862504785;29211328.7861885;9894144.84408894;3924401.97520853;714455.96080027;428723.873328006;214755.643643566;0.532094127391385;0.386617381646155;0.281760912503844;66844.7927736429;41783.4076628487;20603.6991098287
"ASSss3_HCR2_RECmed_INNvar_OERnaq";2029;"ss3";"2";"med";"var";"naq";744280.877347399;442803.06366091;240003.241941854;67399.2219394426;45094.4855286557;23033.9479051108;1.52999065809563;1.02426735956983;0.810039112957291;0;0;0;NA;NA;NA;0.132833458875243;0.11035980521763;0.0719098226901045;67399.2219394426;45094.4855286557;23033.9479051108;1.52999065809563;1.02426735956983;0.810039112957291;36295474.5388814;11572098.6063113;4620627.13138769;709743.09665855;417307.15212991;232006.324367227;0.502964869381921;0.422143073632618;0.279978153156782;67399.2219394426;45094.4855286557;23033.9479051108
"ASSss3_HCR2_RECmed_INNvar_OERnaq";2030;"ss3";"2";"med";"var";"naq";934288.849694315;480174.015516128;253114.345785452;72317.0834910757;46648.2458784549;22672.0466059652;1.66445350927687;0.993289095242887;0.785425778255494;0;0;0;NA;NA;NA;0.141850254486028;0.105187585437356;0.0684399202280508;72317.0834910757;46648.2458784549;22672.0466059652;1.66445350927687;0.993289095242887;0.785425778255494;28514111.8120153;12121456.9013115;4595349.60106544;870476.924693265;451684.197405299;246104.010765022;0.534833318385517;0.403314715564575;0.266898820609489;72317.0834910756;46648.2458784549;22672.0466059652
"ASSss3_HCR2_RECmed_INNvar_OERnaq";2031;"ss3";"2";"med";"var";"naq";829325.167852824;482676.889994215;271961.626986012;86514.4896572004;47763.9348953495;26185.9879930939;1.51124899115321;1.04032985890065;0.787445374244842;0;0;0;NA;NA;NA;0.165480998834902;0.104262708689145;0.073639158960867;86514.4896572004;47763.9348953495;26185.9879930939;1.51124899115321;1.04032985890065;0.787445374244842;24724848.4756347;11298044.0726366;4471062.64618492;796113.486827534;454214.621777461;256445.358300748;0.617257410634768;0.399938420004469;0.286486560773598;86514.4896572004;47763.9348953495;26185.9879930939
"ASSss3_HCR2_RECmed_INNvar_OERnaq";2032;"ss3";"2";"med";"var";"naq";791436.831893828;483520.409089775;316676.023949238;89855.6559128236;48568.4267194949;30996.8212823773;1.41190833680521;1.00447689064525;0.769885130104958;0;0;0;NA;NA;NA;0.153884995408565;0.108029345124258;0.081770686716587;89855.6559128236;48568.4267194949;30996.8212823773;1.41190833680521;1.00447689064525;0.769885130104958;25050856.9114583;10698151.5997982;5094799.31161942;761452.590579612;461576.555549752;298724.29414005;0.57705486849754;0.413671061991564;0.316936413452922;89855.6559128236;48568.4267194949;30996.8212823773
"ASSss3_HCR2_RECmed_INNvar_OERnaq";2033;"ss3";"2";"med";"var";"naq";733231.011220102;487095.969321289;307603.697476721;80426.0391321641;50316.3273192835;34662.8614697834;1.57412809982509;0.988053884746331;0.747489632071988;0;0;0;NA;NA;NA;0.152442427552736;0.111603021014269;0.0812987437167662;80426.0391321641;50316.3273192835;34662.8614697834;1.57412809982509;0.988053884746331;0.747489632071988;24752971.1078021;10504393.3463625;4913255.97293018;704042.861164559;467054.362463346;295444.339197616;0.572020096634089;0.426656275601614;0.31517541993454;80426.0391321641;50316.3273192835;34662.8614697834
"ASSss3_HCR2_RECmed_INNvar_OERnaq";2034;"ss3";"2";"med";"var";"naq";737794.624394907;486909.1982583;336677.753043583;79295.6453480357;50214.3625598053;32680.6537511806;1.38058377972615;0.980780156444418;0.788103009356125;0;0;0;NA;NA;NA;0.150261268667286;0.112058067875441;0.0819599050876424;79295.6453480357;50214.3625598053;32680.6537511806;1.38058377972615;0.980780156444418;0.788103009356125;25839273.4298709;10781716.6693732;5262141.38107422;704489.198741665;473212.665237201;313421.889830485;0.564391212108386;0.428306246499472;0.317640832876028;79295.6453480357;50214.3625598053;32680.6537511806
"ASSss3_HCR2_RECmed_INNvar_OERnaq";2035;"ss3";"2";"med";"var";"naq";742055.928653406;487874.296432977;331123.269956491;77212.2734166543;49769.9792968654;33893.5542653645;1.37268981011274;0.953079896712286;0.736249609687811;0;0;0;NA;NA;NA;0.168980531694411;0.113324524877591;0.076766201585691;77212.2734166543;49769.9792968654;33893.5542653645;1.37268981011274;0.953079896712286;0.736249609687811;25918658.7655427;11422447.5182601;4777633.3510534;702687.090371748;463871.496130641;320475.7217951;0.629327124194087;0.432894883487603;0.298222575403091;77212.2734166543;49769.9792968654;33893.5542653645
"ASSss3_HCR2_RECmed_INNvar_OERnaq";2036;"ss3";"2";"med";"var";"naq";745654.933075268;497244.043107229;322718.710177684;78426.0583100528;49197.6137668684;33087.1800032857;1.42123484013297;0.980734715090735;0.730289274260122;0;0;0;NA;NA;NA;0.14432091659002;0.111248017535988;0.0839887283638539;78426.0583100528;49197.6137668684;33087.1800032857;1.42123484013297;0.980734715090735;0.730289274260122;24551769.8958106;10219280.2500239;5354724.50300768;717859.456680606;473318.230914082;313535.45433627;0.543520122655498;0.425368258353294;0.325205511709728;78426.0583100529;49197.6137668684;33087.1800032857
"ASSss3_HCR2_RECmed_INNvar_OERnaq";2037;"ss3";"2";"med";"var";"naq";794265.992852281;485752.658746872;317883.878984875;78314.188190804;49911.6175546961;32574.4013310046;1.39758423477741;1.00530867352485;0.769708188936111;0;0;0;NA;NA;NA;0.156011662629934;0.113362217423063;0.0788854771582529;78314.188190804;49911.6175546961;32574.4013310046;1.39758423477741;1.00530867352485;0.769708188936111;23507535.4175873;11144052.8887636;5184271.7130619;757489.707635224;465073.006808409;302855.573736066;0.58442074005213;0.433032810079465;0.306157397597635;78314.188190804;49911.6175546961;32574.4013310045
"ASSss3_HCR2_RECmed_INNvar_OERnaq";2038;"ss3";"2";"med";"var";"naq";746048.916000857;484312.702280937;338216.287871461;74693.8642109621;48381.8496730856;34218.9871278908;1.33716257527945;0.938259805260949;0.783649793384642;0;0;0;NA;NA;NA;0.150333227572451;0.109364822485016;0.0782842184874852;74693.8642109621;48381.8496730856;34218.9871278908;1.33716257527945;0.938259805260949;0.783649793384642;27940383.1264694;10733610.4307699;4394545.83213019;681140.719061147;463061.856190556;323850.50179493;0.564643143230681;0.418528620581305;0.303907881079259;74693.8642109621;48381.8496730856;34218.9871278908
"ASSss3_HCR2_RECmed_INNvar_OERnaq";2039;"ss3";"2";"med";"var";"naq";744083.773483703;500549.531451898;337252.646224223;76040.3104113994;51840.3703775814;32598.0604138497;1.39374874072337;1.01018582808155;0.799307251208915;0;0;0;NA;NA;NA;0.155724333533839;0.107961048231836;0.0827157636232421;76040.3104113994;51840.3703775814;32598.0604138497;1.39374874072337;1.01018582808155;0.799307251208915;35321573.4186105;11510539.0518955;4907597.64177167;693763.88081937;478777.647216588;326135.49314555;0.583419564702595;0.413422503289347;0.320461852075968;76040.3104113994;51840.3703775814;32598.0604138497
"ASSss3_HCR2_RECmed_INNvar_OERnaq";2040;"ss3";"2";"med";"var";"naq";815250.546738626;509870.633783069;345688.109991075;78712.2319532471;51096.0805505464;32859.5673608089;1.4275499081888;0.968624453540113;0.785703541919954;0;0;0;NA;NA;NA;0.161948741849378;0.109184510695144;0.0727301237706654;78712.2319532471;51096.0805505464;32859.5673608089;1.4275499081888;0.968624453540113;0.785703541919954;24802277.0680795;10886443.5508845;4658633.82684376;755444.035593964;482482.873724705;329425.017880818;0.605052368663874;0.417872907652429;0.283068419361857;78712.2319532471;51096.0805505464;32859.5673608089
"ASSss3_HCR2_RECmed_INNvar_OERnaq";2041;"ss3";"2";"med";"var";"naq";780244.649160817;503421.99217037;350667.681189187;79705.7175372698;51750.3642714507;31968.2876456374;1.64349670138228;0.966513746147285;0.768050738400505;0;0;0;NA;NA;NA;0.152507235038018;0.108688814515092;0.0783744997123885;79705.7175372698;51750.3642714507;31968.2876456374;1.64349670138228;0.966513746147285;0.768050738400505;27365230.5602337;10914916.3765327;4259822.77206977;757968.028943097;480418.214607462;334788.302465977;0.57224149672642;0.416070458425233;0.304245793332345;79705.7175372698;51750.3642714507;31968.2876456374
"ASSss3_HCR2_RECmed_INNvar_OERnaq";2042;"ss3";"2";"med";"var";"naq";770670.300769983;520853.364953378;326913.557814465;75196.6345748163;53417.1546158695;36675.7663300755;1.36258576514725;0.9948778351716;0.764325814325404;0;0;0;NA;NA;NA;0.148160890242116;0.112421678228526;0.0776850405408946;75196.6345748163;53417.1546158695;36675.7663300755;1.36258576514725;0.9948778351716;0.764325814325404;29640982.1015517;11514544.2864123;5278116.42125202;717550.637358067;496008.367160132;318849.17108535;0.557030477283122;0.429624904545452;0.301664770313393;75196.6345748163;53417.1546158695;36675.7663300755
"ASSss3_HCR2_RECmed_INNvar_OERnaq";2043;"ss3";"2";"med";"var";"naq";741695.07514454;511693.950034087;358951.313603331;76442.635632375;53982.5295005543;34476.358144428;1.42919578045284;0.974357066111939;0.775736516951629;0;0;0;NA;NA;NA;0.150180568253385;0.114297794466998;0.0825929429976313;76442.635632375;53982.5295005543;34476.358144428;1.42919578045284;0.974357066111939;0.775736516951629;29745760.7369993;11964088.7066901;5829253.74434288;707125.73715862;491333.401251866;343511.382579796;0.564108701706348;0.436419937979452;0.320003853595297;76442.635632375;53982.5295005543;34476.358144428
"ASSss3_HCR2_RECmed_INNvar_OERnaq";2044;"ss3";"2";"med";"var";"naq";775891.622086747;510513.085608276;356267.462479778;77124.478071854;51544.7223835121;37236.8402428474;1.35896246560026;0.948619739237563;0.749462291036151;0;0;0;NA;NA;NA;0.157112630741819;0.110338139829229;0.0807098287600914;77124.478071854;51544.7223835121;37236.8402428474;1.35896246560026;0.948619739237563;0.749462291036151;25433381.95502;10675427.1891491;4301738.65335649;737267.940764547;486948.371863768;347770.648648457;0.588246340914706;0.422065104673804;0.312976482570939;77124.478071854;51544.7223835121;37236.8402428474
"ASSss3_HCR2_RECmed_INNvar_OERnaq";2045;"ss3";"2";"med";"var";"naq";801943.846044656;505757.853559771;361559.886919894;78733.0293010539;55256.6500664601;36827.1731623311;1.47450238078778;1.00745713829231;0.830070100578096;0;0;0;NA;NA;NA;0.158878093586668;0.11514142376672;0.080801253179639;78733.0293010539;55256.6500664601;36827.1731623311;1.47450238078778;1.00745713829231;0.830070100578096;28147176.5772399;12331157.760724;4273521.46484291;753377.623357955;479043.889950079;344273.176473392;0.594396727925743;0.439471494167144;0.313318019020766;78733.0293010539;55256.6500664601;36827.1731623311
"ASSss3_HCR2_RECmed_INNvar_OERnaq";2046;"ss3";"2";"med";"var";"naq";779520.566152018;512173.41397003;332662.238809177;85089.1599458879;49735.7848692109;32952.9765706294;1.28370005412888;0.94038656845665;0.748077585168818;0;0;0;NA;NA;NA;0.170968711552459;0.108576591313794;0.0727815403312886;85089.1599458879;49735.7848692109;32952.9765706294;1.28370005412888;0.94038656845665;0.748077585168818;28458252.8552022;11901072.132273;4496924.7066438;739191.244178067;490034.774290027;320950.056747755;0.63616448204952;0.415662241870242;0.283258975153991;85089.1599458879;49735.7848692109;32952.9765706294
"ASSss3_HCR2_RECmed_INNvar_OERnaq";2047;"ss3";"2";"med";"var";"naq";777158.551523009;518753.899026031;323259.311016185;73019.2859170077;52142.3818811527;36693.5536327796;1.36944587423708;0.979689750824481;0.76942045074153;0;0;0;NA;NA;NA;0.158614379418493;0.111974152716098;0.0756509108784662;73019.2859170077;52142.3818811527;36693.5536327796;1.36944587423708;0.979689750824481;0.76942045074153;32165432.2228398;11183127.0631051;4992059.63391847;737823.258152058;492446.841755201;311864.065783883;0.593479813450621;0.428002286912008;0.294040428405035;73019.2859170077;52142.3818811527;36693.5536327796
"ASSss3_HCR2_RECmed_INNvar_OERnaq";2048;"ss3";"2";"med";"var";"naq";858832.413979985;522507.391661027;348105.854745726;77718.93249727;54012.2032017811;32304.2572827298;1.51937923584016;0.995887703897736;0.745856356533164;0;0;0;NA;NA;NA;0.156697351967674;0.114722645398622;0.0784949335309983;77718.93249727;54012.2032017811;32304.2572827298;1.51937923584016;0.995887703897736;0.745856356533164;25691482.9492469;11951404.9139526;5266625.9816724;808219.626357772;501566.46666396;328776.073406832;0.586808473376865;0.437957087104248;0.304695203227248;77718.93249727;54012.2032017812;32304.2572827298
"ASSss3_HCR2_RECmix_INNvar_OERnaq";2018;"ss3";"2";"mix";"var";"naq";193655.776197817;152491.21812791;123399.862115568;14060;14060;14060;0.641687415548619;0.641687415548619;0.641687415548619;0;0;0;NA;NA;NA;0.116614884749215;0.0940949088140617;0.0735195612253247;14060;14060;14060;0.641687415548619;0.641687415548619;0.641687415548619;10132535.0549676;4991134.9653281;2780000.50743201;192921.66595637;152176.529649403;123169.453967951;0.444796295485707;0.362630777963812;0.286036704334869;14060;14060;14060
"ASSss3_HCR2_RECmix_INNvar_OERnaq";2019;"ss3";"2";"mix";"var";"naq";233540.398502457;168402.603286792;126852.613594407;20787.3478043772;15317.1998080913;10753.1486353249;1.47847423928714;1.08941677155699;0.764804312612013;0;0;0;NA;NA;NA;0.129141494480364;0.0944030552845915;0.0583051141629485;20787.3478043772;15317.1998080913;10753.1486353249;1.47847423928714;1.08941677155699;0.764804312612013;15836267.6324715;7756053.8615252;3262402.01249762;219078.358120099;160256.329413963;120060.071563474;0.48979143242008;0.3637653211824;0.228444615183188;20787.3478043772;15317.1998080913;10753.1486353249
"ASSss3_HCR2_RECmix_INNvar_OERnaq";2020;"ss3";"2";"mix";"var";"naq";317160.126940323;211358.460576501;146718.994693591;24344.5237851674;15616.5625571265;10747.459433112;1.4584676053796;0.998928640027187;0.768601930584261;0;0;0;NA;NA;NA;0.125723203425281;0.0853623856459079;0.0529544160692776;24344.5237851674;15616.5625571265;10747.459433112;1.4584676053796;0.998928640027187;0.768601930584261;12620974.1699324;2312681.38744652;214991.72966663;294407.443830199;198211.848184951;138224.214687876;0.477556573454212;0.330318825067457;0.20802137813135;24344.5237851674;15616.5625571265;10747.459433112
"ASSss3_HCR2_RECmix_INNvar_OERnaq";2021;"ss3";"2";"mix";"var";"naq";364172.526657347;198743.116922656;113172.088716759;31284.4213190725;20459.3309223746;12116.8815215193;2.07240484089479;1.21815405726974;0.82042424557841;0;0;0;NA;NA;NA;0.155250972762879;0.104225626196589;0.0667048247549754;31284.4213190725;20459.3309223746;12116.8815215193;2.07240484089479;1.21815405726974;0.82042424557841;18133858.9256074;5725265.90030024;43.9918560349746;354259.112832788;192126.690951466;111668.016925292;0.581769195122416;0.399802981533277;0.2603411210295;31284.4213190725;20459.3309223746;12116.8815215193
"ASSss3_HCR2_RECmix_INNvar_OERnaq";2022;"ss3";"2";"mix";"var";"naq";425551.730347042;219094.721119771;118480.791775047;39614.0674894404;17280.5601734777;9068.2582931802;1.60622890696133;0.859776524372967;0.610375618295202;0;0;0;NA;NA;NA;0.141329554840171;0.100355659005688;0.0649219212230097;39614.0674894404;17280.5601734777;9068.2582931802;1.60622890696133;0.859776524372967;0.610375618295202;1023041.91370232;358587.718426598;144639.909866375;393972.50797465;205014.148281537;114076.752484471;0.532995595670467;0.385650255775756;0.253591674027513;39614.0674894404;17280.5601734777;9068.2582931802
"ASSss3_HCR2_RECmix_INNvar_OERnaq";2023;"ss3";"2";"mix";"var";"naq";325835.655939067;158392.415289714;87463.6923634778;39043.170173718;19439.881463979;10165.967830236;1.64708532474332;1.06676990440585;0.70173295989704;0;0;0;NA;NA;NA;0.158684934504866;0.116716468375691;0.0800833695560287;39043.170173718;19439.881463979;10165.967830236;1.64708532474332;1.06676990440585;0.70173295989704;9262533.79447295;4746225.48809828;2221945.10742414;322331.678713323;157045.130202206;86699.0842637129;0.593724157710544;0.445163119554785;0.310634845027039;39043.170173718;19439.881463979;10165.967830236
"ASSss3_HCR2_RECmix_INNvar_OERnaq";2024;"ss3";"2";"mix";"var";"naq";309377.233840308;171452.265381889;97530.1157855582;30324.1172779873;14306.36948076;1e-06;0.98056918603947;0.7342254767035;9.96652953450361e-11;0;0;0;NA;NA;NA;0.128927890159932;0.0880445965406489;0;30324.1172779873;14306.36948076;1e-06;0.98056918603947;0.7342254767035;9.96652953450361e-11;15308274.9100577;7238499.59339427;3450466.66855257;297283.002646423;163567.873986615;92003.9397058394;0.489024442247412;0.340266514135459;3.8633611839561e-11;30324.1172779873;14306.36948076;1e-06
"ASSss3_HCR2_RECmix_INNvar_OERnaq";2025;"ss3";"2";"mix";"var";"naq";346398.561173202;217157.602616016;127896.122586699;30160.2464602969;14215.8737580232;1e-06;9677908344.66103;1.03322067894164;0.68120399775893;0;0;0;NA;NA;NA;0.128379724032242;0.0891556390129545;0;30160.2464602969;14215.8737580232;1e-06;9677908344.66103;1.03322067894164;0.68120399775893;10882292.2578112;3019786.41987294;246475.105210781;322055.077167966;204755.459581707;118798.116055161;0.487068616223941;0.34438610355844;3.77961141019924e-11;30160.2464602969;14215.8737580232;1e-06
"ASSss3_HCR2_RECmix_INNvar_OERnaq";2026;"ss3";"2";"mix";"var";"naq";333019.32941456;217562.126617505;99914.8492639636;34902.7143139099;19071.2574252163;11190.9368279608;9988208196.235;1.18982871198723;0.794353108345416;0;0;0;NA;NA;NA;0.170935335138962;0.106969602131253;0.0647103315363589;34902.7143139099;19071.2574252163;11190.9368279608;9988208196.235;1.18982871198723;0.794353108345416;11928286.3935621;6453306.88220566;1610009.01769203;320055.961196908;209454.385631027;98659.1714395624;0.636036547465741;0.409811893964043;0.252787387916976;34902.7143139099;19071.2574252163;11190.9368279608
"ASSss3_HCR2_RECmix_INNvar_OERnaq";2027;"ss3";"2";"mix";"var";"naq";364044.735610091;245969.117882423;109058.882014058;33980.6061920157;19061.6737091387;9277.66765134454;1.66169569035326;0.91278424857055;0.58113417759993;0;0;0;NA;NA;NA;0.143488199793957;0.0994636277331455;0.0706264219527082;33980.6061920157;19061.6737091387;9277.66765134454;1.66169569035326;0.91278424857055;0.58113417759993;843973.231485634;378132.28896865;146907.984889067;343433.454968002;235200.380086831;104049.343265996;0.540608421636162;0.38237940379495;0.275147573279681;33980.6061920157;19061.6737091387;9277.66765134454
"ASSss3_HCR2_RECmix_INNvar_OERnaq";2028;"ss3";"2";"mix";"var";"naq";265398.302748735;181174.670969387;78448.2477521158;39794.5470840541;22146.3170473702;10278.9665442527;1.78798420213833;1.12585170873168;0.727800822969251;0;0;0;NA;NA;NA;0.190760414382283;0.129580167922369;0.0886819918420605;39794.5470840541;22146.3170473702;10278.9665442527;1.78798420213833;1.12585170873168;0.727800822969251;10178649.3998466;4326851.01722187;1864979.62590237;262732.626219498;179494.031051466;77479.5697422387;0.703427362397651;0.49135961321796;0.342630460469886;39794.5470840541;22146.3170473702;10278.9665442527
"ASSss3_HCR2_RECmix_INNvar_OERnaq";2029;"ss3";"2";"mix";"var";"naq";288370.997303692;174513.695666041;76805.1589093164;34626.9754669821;18204.6570660601;1e-06;1.11425030809705;0.832111928441473;0.587012842522194;0;0;0;NA;NA;NA;0.167680497561299;0.107681006088973;0;34626.9754669821;18204.6570660601;1e-06;1.11425030809705;0.832111928441473;0.587012842522194;16102079.0671752;7047071.59283373;3131028.41810812;270721.488927475;165781.030762986;73982.4607328381;0.624850266466018;0.41240306709213;5.91372819380775e-11;34626.9754669821;18204.6570660601;1e-06
"ASSss3_HCR2_RECmix_INNvar_OERnaq";2030;"ss3";"2";"mix";"var";"naq";345358.67399373;197810.66539951;112294.669801435;33287.2354050465;16615.0644731783;7441.04265015657;1.53908212122095;0.956193453629281;0.64264420581888;0;0;0;NA;NA;NA;0.167083651796587;0.0944600539036694;0.0405831752610884;33287.2354050465;16615.0644731783;7441.04265015657;1.53908212122095;0.956193453629281;0.64264420581888;10346292.3030315;533329.479050139;241633.033057548;323360.300193688;183276.784790456;103182.745339691;0.622791251574431;0.363974365274937;0.160163657090872;33287.2354050465;16615.0644731783;7441.04265015657
"ASSss3_HCR2_RECmix_INNvar_OERnaq";2031;"ss3";"2";"mix";"var";"naq";339893.395306358;154110.765716271;89104.7236769571;37479.8347585948;21027.534866733;11524.9278844225;446806279.120701;1.25143417900775;0.760119498674977;0;0;0;NA;NA;NA;0.217952894675852;0.127178022311145;0.0782653216480013;37479.8347585948;21027.534866733;11524.9278844225;446806279.120701;1.25143417900775;0.760119498674977;13138611.195348;5263762.62549191;1254178.52811159;323188.785006265;151994.285854938;87685.1786096017;0.793934943458833;0.482769327434171;0.303837182344216;37479.8347585948;21027.534866733;11524.9278844225
"ASSss3_HCR2_RECmix_INNvar_OERnaq";2032;"ss3";"2";"mix";"var";"naq";392042.776694127;174745.411362107;92464.1647938317;43375.3188803332;16751.3266690302;9482.67604342337;1.38386819668346;0.883733714996733;0.548830978158677;0;0;0;NA;NA;NA;0.191541469640997;0.121117432627062;0.0756780074191535;43375.3188803332;16751.3266690302;9482.67604342337;1.38386819668346;0.883733714996733;0.548830978158677;886432.174154348;354513.946683955;154795.069750048;368649.250722536;161968.627251547;87279.8631964352;0.706056917990504;0.461022020921268;0.294141843283133;43375.3188803332;16751.3266690302;9482.67604342337
"ASSss3_HCR2_RECmix_INNvar_OERnaq";2033;"ss3";"2";"mix";"var";"naq";279361.42053077;132171.132558046;68279.3444896865;44902.9569361061;19871.9288204349;9702.03577313317;1.75788054875525;1.08517359803041;0.675689056746253;0;0;0;NA;NA;NA;0.225794539314975;0.15394487513772;0.0825573533628943;44902.9569361061;19871.9288204349;9702.03577313317;1.75788054875525;1.08517359803041;0.675689056746253;8054942.78188948;3930331.03911443;1601000.99748509;276111.613310149;130221.506051627;66679.4771100092;0.819549540223631;0.577266876277483;0.319851703872206;44902.9569361061;19871.9288204349;9702.03577313317
"ASSss3_HCR2_RECmix_INNvar_OERnaq";2034;"ss3";"2";"mix";"var";"naq";275687.885613338;136269.134379584;71014.4227010703;35737.3107671052;15787.6598888855;1e-06;1.01373378431659;0.816918666887951;0.662421455278931;0;0;0;NA;NA;NA;0.178672910101243;0.12555423040575;0;35737.3107671052;15787.6598888855;1e-06;1.01373378431659;0.816918666887951;0.662421455278931;17266165.1776158;6493425.92735797;2994977.71056336;261276.590469581;130827.967754633;68498.8287435441;0.662453486431379;0.476953702402942;5.31466768045423e-11;35737.3107671052;15787.6598888855;1e-06
"ASSss3_HCR2_RECmix_INNvar_OERnaq";2035;"ss3";"2";"mix";"var";"naq";327389.651086232;183618.348782127;102649.548769209;36093.4201033242;16686.4195405894;8320.50473027258;8263359050.3863;1.02119783993389;0.721952409467001;0;0;0;NA;NA;NA;0.189867122364777;0.117550119318314;0.0526701878084097;36093.4201033242;16686.4195405894;8320.50473027258;8263359050.3863;1.02119783993389;0.721952409467001;8184788.31805497;462217.432597252;200082.332196433;298423.451935905;170765.34681412;96765.7017744133;0.700416565533194;0.448172157147471;0.20689624677375;36093.4201033242;16686.4195405894;8320.50473027258
"ASSss3_HCR2_RECmix_INNvar_OERnaq";2036;"ss3";"2";"mix";"var";"naq";325171.325256437;139982.823082527;77271.6620870465;42855.8378252072;21836.8218683827;11431.9681317675;3.65070080657459;1.23826729818301;0.683107081213594;0;0;0;NA;NA;NA;0.276715054553581;0.145487139140392;0.0872329183407528;42855.8378252072;21836.8218683827;11431.9681317675;3.65070080657459;1.23826729818301;0.683107081213594;13244178.4325366;5242145.70109181;1974794.72643036;309855.27584219;138306.477709851;76306.6330650906;0.9817096557009;0.547639259095275;0.337247653297009;42855.8378252072;21836.8218683827;11431.9681317675
"ASSss3_HCR2_RECmix_INNvar_OERnaq";2037;"ss3";"2";"mix";"var";"naq";353533.373581999;158998.864462471;82759.9104538681;42657.6670886496;17972.3310669326;10602.6600429757;1.40711971302437;0.868146060388665;0.627153649585548;0;0;0;NA;NA;NA;0.235391947904477;0.142900125886859;0.086654493944768;42657.6670886496;17972.3310669326;10602.6600429757;1.40711971302437;0.868146060388665;0.627153649585548;846493.207133568;363168.878709795;180538.65160904;325821.039287097;150386.468106216;77969.1303560862;0.850704726147042;0.538536579206335;0.335123452863348;42657.6670886496;17972.3310669326;10602.6600429757
"ASSss3_HCR2_RECmix_INNvar_OERnaq";2038;"ss3";"2";"mix";"var";"naq";249135.538403633;113557.753860328;56762.6152997121;45252.4027364189;21805.2399197618;10687.2306332673;1.77413075207337;1.14159251339037;0.763104425186976;0;0;0;NA;NA;NA;0.318849322129232;0.189058700300087;0.126521982780104;45252.4027364189;21805.2399197618;10687.2306332673;1.77413075207337;1.14159251339037;0.763104425186976;9647043.57968849;3493900.98851245;1395305.90885514;246652.036290381;111886.112533682;55800.9249340564;1.11022868587519;0.69768984514088;0.480420426266551;45252.4027364189;21805.2399197618;10687.2306332673
"ASSss3_HCR2_RECmix_INNvar_OERnaq";2039;"ss3";"2";"mix";"var";"naq";245767.554018133;123392.072981735;50122.8086611558;35327.528230586;15987.8734388279;1e-06;0.955588759126324;0.776955791166763;9.95354683162226e-11;0;0;0;NA;NA;NA;0.218417296994842;0.139933832947762;0;35327.528230586;15987.8734388279;1e-06;0.955588759126324;0.776955791166763;9.95354683162226e-11;20364531.771208;7209603.78234727;3358553.77656622;235433.800901117;115536.370613137;47764.5229195745;0.795456499092956;0.528060509580081;6.6433706966774e-11;35327.528230586;15987.8734388279;1e-06
"ASSss3_HCR2_RECmix_INNvar_OERnaq";2040;"ss3";"2";"mix";"var";"naq";337905.887934776;178414.560128149;97330.4253088654;35395.9907688812;16862.1618113255;8385.43328295095;454210032.928253;0.967511207764286;0.651698734449365;0;0;0;NA;NA;NA;0.225922784308653;0.127819623079522;0.045192656090058;35395.9907688812;16862.1618113255;8385.43328295095;454210032.928253;0.967511207764286;0.651698734449365;11960115.4131203;439808.803529063;166569.735008048;315149.813627113;164098.630547432;89969.9750845328;0.819966992942512;0.485061002466083;0.178016414286172;35395.9907688812;16862.1618113255;8385.43328295095
"ASSss3_HCR2_RECmix_INNvar_OERnaq";2041;"ss3";"2";"mix";"var";"naq";359330.094518479;139423.831744881;72441.3817817888;51193.201675659;22982.0425074188;12818.6542918682;730646775.005741;1.35508314774739;0.668315086133495;0;0;0;NA;NA;NA;0.342012759040112;0.175234262212149;0.0662932522720258;51193.201675659;22982.0425074188;12818.6542918682;730646775.005741;1.35508314774739;0.668315086133495;13113335.6616357;4267944.7339936;63.8731892275495;343150.295675897;137567.642146637;71249.6779241986;1.17878768605341;0.650770828312735;0.25878404318076;51193.201675659;22982.0425074188;12818.6542918682
"ASSss3_HCR2_RECmix_INNvar_OERnaq";2042;"ss3";"2";"mix";"var";"naq";363525.901542281;140219.412928769;75535.5465833601;48151.5989645308;19673.521253395;10423.5779345293;1.65483292119236;0.832272420739568;0.552825132294744;0;0;0;NA;NA;NA;0.299471257865522;0.168441416091366;0.0904963760529763;48151.5989645308;19673.521253395;10423.5779345293;1.65483292119236;0.832272420739568;0.552825132294744;875724.617326924;317170.517012859;145519.010717266;340995.967042851;131917.800255727;70946.2790292577;1.05172640708926;0.627470458967779;0.349315059405502;48151.5989645308;19673.521253395;10423.5779345293
"ASSss3_HCR2_RECmix_INNvar_OERnaq";2043;"ss3";"2";"mix";"var";"naq";260674.411327683;96935.9866216058;50987.6911088516;50437.7299897767;23799.6625736401;11047.6032419085;1.88931073225472;1.09484800777149;0.767010927947895;0;0;0;NA;NA;NA;0.558840638775051;0.211454455512264;0.113916470957164;50437.7299897767;23799.6625736401;11047.6032419085;1.88931073225472;1.09484800777149;0.767010927947895;8289043.23005884;2934251.6013152;1321290.54511476;257113.525819494;95341.0666769654;49972.6231060527;1.75389127431948;0.772491893230947;0.435029752746239;50437.7299897767;23799.6625736401;11047.6032419085
"ASSss3_HCR2_RECmix_INNvar_OERnaq";2044;"ss3";"2";"mix";"var";"naq";255368.296568974;91616.8296043075;46734.5170814317;43813.0454559827;18429.8500343268;10194.6896851912;1.01202079041052;0.807801035427142;0.613316317202809;0;0;0;NA;NA;NA;0.467469985965123;0.182643874103653;0.0938592343850789;43813.0454559827;18429.8500343268;10194.6896851912;1.01202079041052;0.807801035427142;0.613316317202809;15410886.3200505;7039740.78462151;2892026.72470415;241061.135507947;87737.56988705;44551.0222766717;1.52554297442563;0.675958547955551;0.361758762434946;43813.0454559827;18429.8500343268;10194.6896851912
"ASSss3_HCR2_RECmix_INNvar_OERnaq";2045;"ss3";"2";"mix";"var";"naq";281527.195208736;150500.4870708;91704.5536133819;40692.9819579095;17227.5501564772;9178.50681796842;1.46558820263575;0.882865895918591;0.536712465934862;0;0;0;NA;NA;NA;0.313573423247539;0.153969156682293;0.0533154909999571;40692.9819579095;17227.5501564772;9178.50681796842;1.46558820263575;0.882865895918591;0.536712465934862;8699068.72880032;372446.917721377;187861.660614494;258809.483854246;138570.924454724;84517.6747707782;1.09436186854513;0.577323359306037;0.209346989193559;40692.9819579095;17227.5501564772;9178.50681796842
"ASSss3_HCR2_RECmix_INNvar_OERnaq";2046;"ss3";"2";"mix";"var";"naq";290622.125880653;113431.297078985;65260.0400360816;51072.1464348313;24582.1791116495;14038.2126900965;4.71798571097947;1.32626416509894;0.789300799792397;0;0;0;NA;NA;NA;0.499754755960321;0.211777915532913;0.109217321887569;51072.1464348313;24582.1791116495;14038.2126900965;4.71798571097947;1.32626416509894;0.789300799792397;11525062.4387177;3351845.44706606;1198870.88538163;274315.545278655;111602.446066747;64148.0789104157;1.60845516155032;0.773567438212105;0.417991768297771;51080.2640475405;24582.1791116495;14038.2126900965
"ASSss3_HCR2_RECmix_INNvar_OERnaq";2047;"ss3";"2";"mix";"var";"naq";323084.060561206;110765.083335438;54987.2298061586;50273.4130882479;20361.798176126;10169.9147747874;1.29114225128413;0.829298266231264;0.592595779061398;0;0;0;NA;NA;NA;0.557421299959022;0.206438300500894;0.0953229262483182;50273.4130882479;20361.798176126;10169.9147747874;1.29114225128413;0.829298266231264;0.592595779061398;857452.654255645;352744.443860919;143726.820463556;300851.664070467;105367.416868114;52973.8782675111;1.75054022827083;0.755853084610291;0.367156366241088;50273.4130882479;20361.798176126;10169.9147747874
"ASSss3_HCR2_RECmix_INNvar_OERnaq";2048;"ss3";"2";"mix";"var";"naq";226836.906885878;75479.6516975961;28657.3617231091;52280.6859904721;21349.7903303519;9671.60483987298;1.73242050803961;1.00085382271806;0.460405865070427;0;0;0;NA;NA;NA;0.685907326206999;0.268265822137336;0.0848949885712624;52280.6859904721;21349.7903303519;9671.60483987298;1.73242050803961;1.00085382271806;0.460405865070427;7488627.97042208;2450314.71914948;808633.374552491;224346.409739129;74254.6128625296;28135.8302282074;2.04128617620665;0.955293689036225;0.327897295148952;52280.6859904721;21827.709184446;9671.60483987298
