"assessment";"rule";"rec";"initNage";"obsErr";"year";"assessment.1";"rule.1";"rec.1";"initNage.1";"obsErr.1";"biomass_q95";"biomass_q50";"biomass_q05";"catch_q95";"catch_q50";"catch_q05";"catch.iyv_q95";"catch.iyv_q50";"catch.iyv_q05";"discards_q95";"discards_q50";"discards_q05";"disc.iyv_q95";"disc.iyv_q50";"disc.iyv_q05";"f_q95";"f_q50";"f_q05";"landings_q95";"landings_q50";"landings_q05";"land.iyv_q95";"land.iyv_q50";"land.iyv_q05";"rec_q95";"rec_q50";"rec_q05";"ssb_q95";"ssb_q50";"ssb_q05";"effort_q95";"effort_q50";"effort_q05";"tac_q95";"tac_q50";"tac_q05"
"none";"1";"low";"none";"none";2018;"none";"1";"low";"none";"none";148258.626024506;148258.626024506;148258.626024506;14600;14600;14600;0.67062811902363;0.67062811902363;0.67062811902363;0;0;0;NA;NA;NA;0.118044431607797;0.114015049132889;0.1054607834631;14600;14600;14600;0.67062811902363;0.67062811902363;0.67062811902363;8586414.70625828;4384257.75853943;2621683.1836199;148258.626024506;148258.626024506;148258.626024506;0.403262206907903;0.3902390802627;0.362423338701898;14600;14600;14600
"none";"1";"low";"none";"none";2019;"none";"1";"low";"none";"none";204053.530981058;155518.408130603;135165.098890893;9266.62425863264;9266.62425863264;9266.62425863263;0.634700291687167;0.634700291687167;0.634700291687167;0;0;0;NA;NA;NA;0.0772761519547237;0.0684823729241422;0.054188581497788;9266.62425863264;9266.62425863264;9266.62425863263;0.634700291687167;0.634700291687167;0.634700291687167;9639577.68729597;4626567.13604055;2711758.51428498;204053.530981058;155518.408130603;135165.098890893;0.269161544680149;0.23954154736764;0.190826404606993;9266.62425863264;9266.62425863264;9266.62425863264
"none";"1";"low";"none";"none";2020;"none";"1";"low";"none";"none";250846.550505817;167679.384265803;139211.748900158;22988.0310910745;17557.7917365173;8803.37852808653;2.48073413246028;1.89473439803721;0.950009224760079;0;0;0;NA;NA;NA;0.136990075191176;0.112226968998876;0.0578435622276603;22988.0310910745;17557.7917365173;8803.37852808653;2.48073413246028;1.89473439803721;0.950009224760079;11251366.4573674;4499715.07080578;2728087.32752076;250846.550505817;167679.384265803;139211.748900158;0.463797843179276;0.384443824890716;0.20336134796595;22988.0310910745;17557.7917365173;8803.37852808653
"none";"1";"low";"none";"none";2021;"none";"1";"low";"none";"none";280372.28323752;193487.404477858;136234.385197436;28425.7810760627;18887.933895381;6722.75322779978;2.42471210847101;1.10896677793849;0.479038618453556;0;0;0;NA;NA;NA;0.147495503524286;0.119725319094436;0.0513385301566877;28425.7810760627;18887.933895381;6722.75322779978;2.42471210847101;1.10896677793849;0.479038618453556;11072323.8031641;5257289.60509834;3221979.90546867;280372.28323752;193487.404477858;136234.385197436;0.496881580498459;0.408680477768372;0.181041403943414;28425.7810760627;18887.933895381;6722.75322779978
"none";"1";"low";"none";"none";2022;"none";"1";"low";"none";"none";288762.513179603;202029.772508298;141596.774290745;26999.969032657;18712.8858837899;1278.29202543605;1.24052893643233;0.867130840154107;0.165890363954725;0;0;0;NA;NA;NA;0.125338003487975;0.106041070032322;0.00895907643521209;26999.969032657;18712.8858837899;1278.29202543605;1.24052893643233;0.867130840154107;0.165890363954725;11618204.3940919;5780955.89390623;2795628.05656732;288762.513179603;202029.772508298;141596.774290745;0.426699962369095;0.364345155076525;0.0322294369823267;26999.969032657;18712.8858837899;1278.29202543605
"none";"1";"low";"none";"none";2023;"none";"1";"low";"none";"none";329755.33109614;215293.744429164;152355.003729725;27749.7367482455;19814.7073633828;1e-06;9.81149624894226;1.03654449270104;2.61464500729535e-10;0;0;0;NA;NA;NA;0.127424918411238;0.10809605641725;0;27749.7367482455;19814.7073633828;1e-06;9.81149624894226;1.03654449270104;2.61464500729535e-10;9363810.51424362;5317316.16620741;3353349.32098532;329755.33109614;215293.744429164;152355.003729725;0.433379873368786;0.371001436198752;2.40076335609088e-11;27749.7367482455;19814.7073633828;1e-06
"none";"1";"low";"none";"none";2024;"none";"1";"low";"none";"none";336011.982341818;226641.445316863;154335.94400762;33046.0970160992;22023.150849209;5483.60503221837;18217169832.723;1.09446024787203;0.668239824964083;0;0;0;NA;NA;NA;0.131708433776162;0.117081099616095;0.0407177509343645;33046.0970160992;22023.150849209;5483.60503221837;18217169832.723;1.09446024787203;0.668239824964083;9432311.80528187;6039618.65163708;3197006.94552659;336011.982341818;226641.445316863;154335.94400762;0.447020516781249;0.400153108935769;0.143900819862613;33046.0970160992;22023.150849209;5483.60503221837
"none";"1";"low";"none";"none";2025;"none";"1";"low";"none";"none";312550.864758758;234225.366989206;164381.71937;34142.9284788348;22696.8558258252;5833.68247423055;1.84599619606839;1.01231544617976;0.583389677735502;0;0;0;NA;NA;NA;0.134930802584242;0.11826233853392;0.0396797926084941;34142.9284788348;22696.8558258252;5833.68247423055;1.84599619606839;1.01231544617976;0.583389677735502;10438018.2495471;5745718.75885911;3921871.587848;312550.864758758;234225.366989206;164381.71937;0.457259854625521;0.403964882453642;0.140726173952111;34142.9284788348;22696.8558258252;5833.68247423055
"none";"1";"low";"none";"none";2026;"none";"1";"low";"none";"none";317921.805891534;241833.894353689;188470.334138357;31802.7936137634;23299.093254087;15901.0986914858;2.26720665304568;1.01103180952077;0.833859757196308;0;0;0;NA;NA;NA;0.13299344717262;0.116202808228822;0.086491617628639;31802.7936137634;23299.093254087;15901.0986914858;2.26720665304568;1.01103180952077;0.833859757196308;12599849.9609142;6092138.6866513;3366259.36421835;317921.805891534;241833.894353689;188470.334138357;0.451098076524297;0.397316007472776;0.299904277216759;31802.7936137634;23299.093254087;15901.0986914858
"none";"1";"low";"none";"none";2027;"none";"1";"low";"none";"none";328382.651535148;258422.389273632;175629.673428232;31417.7022020922;24340.6655575788;17961.485730838;1.43436996493541;1.01777661427034;0.885484847528446;0;0;0;NA;NA;NA;0.129492690892621;0.11686945161757;0.0965714893969252;31417.7022020922;24340.6655575788;17961.485730838;1.43436996493541;1.01777661427034;0.885484847528446;11970524.8425515;5944107.70068891;3484063.11947661;328382.651535148;258422.389273632;175629.673428232;0.439986677455947;0.39946961634612;0.333293281946932;31417.7022020922;24340.6655575788;17961.485730838
"none";"1";"low";"none";"none";2028;"none";"1";"low";"none";"none";347591.063831164;258844.088551472;177533.716734292;32556.9734507881;25128.5612004803;17218.1209668802;1.28748479603743;1.00399879786099;0.881695745102502;0;0;0;NA;NA;NA;0.132729870809294;0.120238463122029;0.103490520913432;32556.9734507881;25128.5612004803;17218.1209668802;1.28748479603743;1.00399879786099;0.881695745102502;10939164.9977972;5814443.39187968;3276327.89102031;347591.063831164;258844.088551472;177533.716734292;0.450257570459227;0.41033337675486;0.355975855280742;32556.9734507881;25128.5612004803;17218.1209668802
"none";"1";"low";"none";"none";2029;"none";"1";"low";"none";"none";334313.981101396;255182.538144436;189351.342912654;34063.9366178504;25797.2263081525;17361.1478434767;1.23480250642142;0.99412471273758;0.899061326403844;0;0;0;NA;NA;NA;0.135787199895701;0.119799158817065;0.0998758906487941;34063.9366178504;25797.2263081525;17361.1478434767;1.23480250642142;0.99412471273758;0.899061326403844;14164374.0335759;5939015.26132806;3626558.65574638;334313.981101396;255182.538144436;189351.342912654;0.459983674767327;0.408918731050274;0.344160282118751;34063.9366178504;25797.2263081525;17361.1478434767
"none";"1";"low";"none";"none";2030;"none";"1";"low";"none";"none";370063.908980901;257246.386484151;185104.179671329;33463.562550201;25229.2282090472;18273.3002885277;1.24729169257684;0.985526234711663;0.836695041928592;0;0;0;NA;NA;NA;0.13421445584503;0.119712332795211;0.0959294477845315;33463.562550201;25229.2282090472;18273.3002885277;1.24729169257684;0.985526234711663;0.836695041928592;10633127.7985258;5729608.33117639;3493462.08033789;370063.908980901;257246.386484151;185104.179671329;0.454983763849362;0.408639051714537;0.331152630997363;33463.562550201;25229.2282090472;18273.3002885277
"none";"1";"low";"none";"none";2031;"none";"1";"low";"none";"none";343648.91278338;253098.577654713;183892.192261842;37129.2552216729;25076.3203209175;18249.8575941062;1.30019920839257;0.988877118515008;0.865977674593535;0;0;0;NA;NA;NA;0.138485329602171;0.120519937907495;0.105520452214163;37129.2552216729;25076.3203209175;18249.8575941062;1.30019920839257;0.988877118515008;0.865977674593535;10729967.2895359;5633093.43434146;3038046.01398817;343648.91278338;253098.577654713;183892.192261842;0.468536010372728;0.411233911038961;0.362619920183248;37129.2552216729;25076.3203209175;18249.8575941062
"none";"1";"low";"none";"none";2032;"none";"1";"low";"none";"none";328150.287627204;255030.007294502;183232.494894025;33650.1430659051;25141.2304073965;17685.6388752794;1.14374928035993;0.989005248522326;0.829205469517219;0;0;0;NA;NA;NA;0.135264865949715;0.122223532499767;0.101440156689319;33650.1430659051;25141.2304073965;17685.6388752794;1.14374928035993;0.989005248522326;0.829205469517219;11735683.1676666;6116125.63796126;3448930.10686056;328150.287627204;255030.007294502;183232.494894025;0.458323727271905;0.416708011036426;0.349295486101706;33650.1430659051;25141.2304073965;17685.6388752794
"none";"1";"low";"none";"none";2033;"none";"1";"low";"none";"none";347120.014025254;252428.300826504;186846.929637461;32350.8809178539;24935.7457122639;18052.9205636898;1.20959447276425;0.965498913322734;0.854349266692095;0;0;0;NA;NA;NA;0.132602273418872;0.120107612535822;0.10110477705891;32350.8809178539;24935.7457122639;18052.9205636898;1.20959447276425;0.965498913322734;0.854349266692095;9791213.4357108;5830401.15893255;3049666.67214258;347120.014025254;252428.300826504;186846.929637461;0.449852579651991;0.409912120266848;0.34819546337413;32350.8809178539;24935.7457122639;18052.9205636898
"none";"1";"low";"none";"none";2034;"none";"1";"low";"none";"none";334425.365245439;253626.114264268;186400.528386194;34119.2906961593;24796.92736713;18249.1114906433;1.23907285079706;0.995515043859541;0.857047981534212;0;0;0;NA;NA;NA;0.137474041745141;0.119545651715945;0.0999263805074226;34119.2906961593;24796.92736713;18249.1114906433;1.23907285079706;0.995515043859541;0.857047981534212;10941335.1225927;5903283.85959393;3500821.31614484;334425.365245439;253626.114264268;186400.528386194;0.465328243489221;0.408102090266505;0.344327358311978;34119.2906961593;24796.92736713;18249.1114906433
"none";"1";"low";"none";"none";2035;"none";"1";"low";"none";"none";325136.271981268;257288.518440767;196379.237271603;32731.2236670691;24944.725586845;18252.7586565916;1.22801397435552;0.976158599317857;0.814607405171891;0;0;0;NA;NA;NA;0.138975321540503;0.116006457893943;0.0967351188588528;32731.2236670691;24944.725586845;18252.7586565916;1.22801397435552;0.976158599317857;0.814607405171891;10522232.8927717;5700187.45386446;2774192.67074585;325136.271981268;257288.518440767;196379.237271603;0.470086404328383;0.396681050923713;0.333832208189814;32731.2236670691;24944.725586845;18252.7586565916
"none";"1";"low";"none";"none";2036;"none";"1";"low";"none";"none";321882.669832242;256377.76613244;188639.104634517;31779.0246669591;25118.6023393498;19016.0314247852;1.29599257476521;1.00170271502454;0.817697009276996;0;0;0;NA;NA;NA;0.13831726343949;0.118170765173998;0.0996927702414228;31779.0246669591;25118.6023393498;19016.0314247852;1.29599257476521;1.00170271502454;0.817697009276996;11813814.4583248;6272589.57253504;3227507.74531948;321882.669832242;256377.76613244;188639.104634517;0.467970271465616;0.403669125490715;0.343550638017082;31779.0246669591;25118.6023393498;19016.0314247852
"none";"1";"low";"none";"none";2037;"none";"1";"low";"none";"none";349710.814812226;263351.741588459;186078.606170506;31245.6758295638;25210.1311404643;17992.6615934606;1.2176046812149;0.963940276471876;0.82097442316945;0;0;0;NA;NA;NA;0.137905107642252;0.116678054701952;0.0913336905054091;31245.6758295638;25210.1311404643;17992.6615934606;1.2176046812149;0.963940276471876;0.82097442316945;10648436.1679287;6198235.37181926;3544899.7071788;349710.814812226;263351.741588459;186078.606170506;0.466699226685475;0.398851463872987;0.315885043147718;31245.6758295638;25210.1311404643;17992.6615934606
"none";"1";"low";"none";"none";2038;"none";"1";"low";"none";"none";361635.259884894;262152.78288755;192065.670543991;34814.232495235;25990.9409896368;17965.7396257473;1.34041091999053;1.02599235954728;0.842694345999123;0;0;0;NA;NA;NA;0.135386321091525;0.119577064908951;0.0977414099347862;34814.232495235;25990.9409896368;17965.7396257473;1.34041091999053;1.02599235954728;0.842694345999123;10747010.5444235;5779354.36962713;3266548.95221462;361635.259884894;262152.78288755;192065.670543991;0.458706809078755;0.408203227972467;0.337141796708;34814.232495235;25990.9409896368;17965.7396257473
"none";"1";"low";"none";"none";2039;"none";"1";"low";"none";"none";344096.454602372;264482.030081582;188320.450386858;36239.7599820633;25789.6730626244;18919.739848021;1.24853230915033;1.00126098848064;0.842054306593773;0;0;0;NA;NA;NA;0.132768253022055;0.120566723825817;0.0992943483974139;36239.7599820633;25789.6730626244;18919.739848021;1.24853230915033;1.00126098848064;0.842054306593773;13276877.9426696;5982133.63420461;3525541.84841379;344096.454602372;264482.030081582;188320.450386858;0.450380978154798;0.411389699769812;0.342249109375814;36239.7599820633;25789.6730626244;18919.739848021
"none";"1";"low";"none";"none";2040;"none";"1";"low";"none";"none";342081.800953114;263819.41005788;193952.70721897;33760.8197656012;26002.548290151;18348.3819196302;1.22436752299726;0.981551422917348;0.848608152537951;0;0;0;NA;NA;NA;0.136090909404289;0.121739370950048;0.0973370257635523;33760.8197656012;26002.548290151;18348.3819196302;1.22436752299726;0.981551422917348;0.848608152537951;11033593.2476752;5935590.89414589;3573551.93631023;342081.800953114;263819.41005788;193952.70721897;0.460948591381838;0.415151962568152;0.335813803428536;33760.8197656012;26002.548290151;18348.3819196302
"none";"1";"low";"none";"none";2041;"none";"1";"low";"none";"none";345853.436152814;266314.266429999;198651.577165279;34729.0841602764;25419.3100996626;19314.9412382996;1.30721918465739;0.964436872180123;0.848424659913123;0;0;0;NA;NA;NA;0.135605777533786;0.118693577021067;0.101216384564227;34729.0841602764;25419.3100996626;19314.9412382996;1.30721918465739;0.964436872180123;0.848424659913123;12213265.020746;5930064.44398206;2921704.71037489;345853.436152814;266314.266429999;198651.577165279;0.459406650341805;0.405355876009235;0.348561052082511;34729.0841602764;25419.3100996626;19314.9412382996
"none";"1";"low";"none";"none";2042;"none";"1";"low";"none";"none";356736.078353863;260210.607987901;200760.991718834;34485.0571823767;25765.4966422267;19551.0063679138;1.20501537383361;0.976767299256703;0.819533547501384;0;0;0;NA;NA;NA;0.138762337777179;0.121432807182766;0.0949907054931959;34485.0571823767;25765.4966422267;19551.0063679138;1.20501537383361;0.976767299256703;0.819533547501384;11165337.1982762;6035057.3132464;3240144.20465185;356736.078353863;260210.607987901;200760.991718834;0.469410904958326;0.414170724794874;0.328082625927402;34485.0571823767;25765.4966422267;19551.0063679138
"none";"1";"low";"none";"none";2043;"none";"1";"low";"none";"none";335679.545948662;260483.166901396;190533.349700992;34785.8674950937;25651.7158989614;19341.0736540259;1.26417456749112;0.97554617330338;0.816891456824727;0;0;0;NA;NA;NA;0.135632155005251;0.119572275346393;0.100768714263858;34785.8674950937;25651.7158989614;19341.0736540259;1.26417456749112;0.97554617330338;0.816891456824727;14157952.8464201;5774710.47084155;3033142.13347122;335679.545948662;260483.166901396;190533.349700992;0.45949094882209;0.408187851349623;0.347090921206189;34785.8674950937;25651.7158989614;19341.0736540259
"none";"1";"low";"none";"none";2044;"none";"1";"low";"none";"none";357388.247599366;260541.31643548;187614.437532669;33853.1277883571;25538.4603222177;18329.0967764639;1.19905593144872;0.992132359206614;0.845228712165393;0;0;0;NA;NA;NA;0.137735003547946;0.120177664930307;0.0942705558411825;33853.1277883571;25538.4603222177;18329.0967764639;1.19905593144872;0.992132359206614;0.845228712165393;9999041.12043915;5631922.18929728;3220564.17610395;357388.247599366;260541.31643548;187614.437532669;0.466160589090676;0.410137426209509;0.325692018501533;33853.1277883571;25538.4603222177;18329.0967764639
"none";"1";"low";"none";"none";2045;"none";"1";"low";"none";"none";353266.511070828;242618.090737764;187542.346857292;34309.0561344306;25599.8884050327;17854.3684167509;1.25310640222278;0.9644745344919;0.789204692970758;0;0;0;NA;NA;NA;0.138845019172203;0.120636380696147;0.0945991271888861;34309.0561344306;25599.8884050327;17854.3684167509;1.25310640222278;0.9644745344919;0.789204692970758;12763977.9385247;5851659.50226171;2848280.75649198;353266.511070828;242618.090737764;187542.346857292;0.469644517287579;0.411614293863667;0.326790310473896;34309.0561344306;25599.8884050327;17854.3684167509
"none";"1";"low";"none";"none";2046;"none";"1";"low";"none";"none";343910.493175803;243703.290880048;177905.521025769;34627.398290661;23518.2931534717;18148.6485111674;1.2341589196042;0.974174306724;0.813839316623031;0;0;0;NA;NA;NA;0.1387255070585;0.121347086950523;0.0919770398764593;34627.398290661;23518.2931534717;18148.6485111674;1.2341589196042;0.974174306724;0.813839316623031;9734639.08236773;5494584.50917332;2642768.56624144;343910.493175803;243703.290880048;177905.521025769;0.469295036126902;0.413891072383673;0.318121889159542;34627.398290661;23518.2931534717;18148.6485111674
"none";"1";"low";"none";"none";2047;"none";"1";"low";"none";"none";329422.248933552;253558.341691263;166671.885346725;33939.927668112;23817.5299068769;17354.2037235036;1.31036609068829;0.972127484529733;0.802053112649429;0;0;0;NA;NA;NA;0.137071383812158;0.122596772352315;0.0950382318622708;33939.927668112;23817.5299068769;17354.2037235036;1.31036609068829;0.972127484529733;0.802053112649429;8929837.74887989;5275889.71396742;3009528.7235071;329422.248933552;253558.341691263;166671.885346725;0.464058731974457;0.417906962891946;0.328226891336732;33939.927668112;23817.5299068769;17354.2037235036
"none";"1";"low";"none";"none";2048;"none";"1";"low";"none";"none";311495.653199952;248352.29747637;170104.318660147;33046.871157429;24623.3010738086;15985.178898793;1.24640799868313;0.982975724918907;0.81808750868905;0;0;0;NA;NA;NA;0.133351136138227;0.122711687814276;0.105936331854796;33046.871157429;24623.3010738086;15985.178898793;1.24640799868313;0.982975724918907;0.81808750868905;10632990.9385875;5385044.48776788;3223720.21694395;311495.653199952;248352.29747637;170104.318660147;0.452236871283583;0.418274884635183;0.364002970732852;33046.871157429;24623.3010738086;15985.178898793
"none";"1";"low";"none";"none";2049;"none";"1";"low";"none";"none";307743.40921525;246441.64671334;169095.216263904;31185.5137932402;24085.0984483943;15868.3680542253;1.12400858855106;0.948504380176243;0.799908297079742;0;0;0;NA;NA;NA;0.137799849066425;0.119139180106691;0.0930712793599399;31185.5137932402;24085.0984483943;15868.3680542253;1.12400858855106;0.948504380176243;0.799908297079742;11202329.1485294;6277695.11380619;3756646.34643601;307743.40921525;246441.64671334;169095.216263904;0.466366005458146;0.406791192046415;0.321714317046626;31185.5137932402;24085.0984483943;15868.3680542253
"none";"1";"low";"none";"none";2050;"none";"1";"low";"none";"none";323867.16617729;245533.280597484;178037.656973534;30321.0474015463;23447.1332991983;16545.1444366388;1.33201227855558;0.9911245172257;0.842295464257114;0;0;0;NA;NA;NA;0.1312448762796;0.117641003206579;0.0925742155394367;30321.0474015463;23447.1332991983;16545.1444366388;1.33201227855558;0.9911245172257;0.842295464257114;11579582.6871555;6730450.99887119;3752675.57183847;323867.16617729;245533.280597484;178037.656973534;0.445547512903012;0.401960544771435;0.32008821389479;30321.0474015463;23447.1332991983;16545.1444366388
"none";"1";"low";"none";"none";2051;"none";"1";"low";"none";"none";355173.195921415;250425.958453269;193665.543912823;32126.9728356037;24019.0520030135;17498.6534363788;1.29338734044818;1.01604626659077;0.893361736509938;0;0;0;NA;NA;NA;0.136296216551952;0.114850047228947;0.0971874060017184;32126.9728356037;24019.0520030135;17498.6534363788;1.29338734044818;1.01604626659077;0.893361736509938;10535551.0411308;5835041.88930555;3288675.36075377;355173.195921415;250425.958453269;193665.543912823;0.461600782457096;0.392941658772916;0.335318632823712;32126.9728356037;24019.0520030135;17498.6534363788
"none";"1";"low";"none";"none";2052;"none";"1";"low";"none";"none";331117.990468811;248105.930721785;199385.643035526;34934.138905226;24748.0985975886;18838.2064321724;1.28309415799026;1.05714397321667;0.871212599873281;0;0;0;NA;NA;NA;0.137465907291305;0.119921033118682;0.0980832435397853;34934.138905226;24748.0985975886;18838.2064321724;1.28309415799026;1.05714397321667;0.871212599873281;10141230.0789312;5478264.25240743;3269370.25755324;331117.990468811;248105.930721785;199385.643035526;0.465307985232914;0.409311027027697;0.338268544206832;34934.138905226;24748.0985975886;18838.2064321724
"none";"1";"low";"none";"none";2053;"none";"1";"low";"none";"none";327027.284602982;252447.301083232;193489.951692012;32841.7275256244;24264.2499820747;19155.1813770043;1.24639767626377;0.996870427934898;0.833477395861189;0;0;0;NA;NA;NA;0.136232355076578;0.120674749069693;0.10046046041244;32841.7275256244;24264.2499820747;19155.1813770043;1.24639767626377;0.996870427934898;0.833477395861189;11054830.4647793;5745321.50056096;2914680.1545574;327027.284602982;252447.301083232;193489.951692012;0.461397463674712;0.411737886157084;0.346080358559668;32841.7275256244;24264.2499820747;19155.1813770043
"none";"1";"low";"none";"none";2054;"none";"1";"low";"none";"none";343446.221877256;246928.064398114;189631.397604954;32219.4675365147;24985.9156665602;19353.1915983729;1.17061218931413;0.974704613980449;0.849560919081909;0;0;0;NA;NA;NA;0.14094803972384;0.122365353941221;0.0973400425771582;32219.4675365147;24985.9156665602;19353.1915983729;1.17061218931413;0.974704613980449;0.849560919081909;12322441.210826;5961872.17014103;3072306.04870726;343446.221877256;246928.064398114;189631.397604954;0.476273127056651;0.417163599175395;0.335823605475751;32219.4675365147;24985.9156665602;19353.1915983729
"none";"1";"low";"none";"none";2055;"none";"1";"low";"none";"none";346403.567797803;243317.214926349;194652.540701141;33335.0240360991;23913.2994298969;19210.9914325845;1.2414633508032;0.984424314936878;0.820967818368934;0;0;0;NA;NA;NA;0.14353570126623;0.119403570360212;0.0887816485737914;33335.0240360991;23913.2994298969;19210.9914325845;1.2414633508032;0.984424314936878;0.820967818368934;10963527.297226;5612184.28160282;2900898.73534751;346403.567797803;243317.214926349;194652.540701141;0.484429382487176;0.407644299589443;0.307530809742722;33335.0240360991;23913.2994298969;19210.9914325845
"none";"1";"low";"none";"none";2056;"none";"1";"low";"none";"none";324387.383217807;248224.976092145;180593.965311775;33981.7983787683;24170.472434915;19083.6063579259;1.32545655874488;0.992679879993857;0.801936330687401;0;0;0;NA;NA;NA;0.134527696689543;0.121760639371671;0.0981103292243394;33981.7983787683;24170.472434915;19083.6063579259;1.32545655874488;0.992679879993857;0.801936330687401;10784043.0675346;5874701.85958829;3100881.90589789;324387.383217807;248224.976092145;180593.965311775;0.455979097541504;0.415220327908567;0.338358140444678;33981.7983787683;24170.472434915;19083.6063579259
"none";"1";"low";"none";"none";2057;"none";"1";"low";"none";"none";349002.980543387;255110.589545128;173353.704513506;32081.5248673982;24261.0615190732;17159.7187159031;1.23886924213957;0.982179589958027;0.835437610361348;0;0;0;NA;NA;NA;0.1328806893802;0.119256660453972;0.101171970538122;32081.5248673982;24261.0615190732;17159.7187159031;1.23886924213957;0.982179589958027;0.835437610361348;9405548.92572334;5295040.05453827;2954554.85812713;349002.980543387;255110.589545128;173353.704513506;0.450739085145881;0.407170859130209;0.348409251399356;32081.5248673982;24261.0615190732;17159.7187159031
"none";"1";"low";"none";"none";2058;"none";"1";"low";"none";"none";329103.999967159;244439.16102301;173531.729033085;34933.7485428484;25219.525459866;17025.2314392012;1.23297254087092;0.99636756955405;0.863987426903681;0;0;0;NA;NA;NA;0.13389886601686;0.121856365487503;0.107985110296276;34933.7485428484;25219.525459866;17025.2314392012;1.23297254087092;0.99636756955405;0.863987426903681;9988697.32002871;6080073.83299771;3320668.97081387;329103.999967159;244439.16102301;173531.729033085;0.453979677589318;0.415527908023755;0.370640580026068;34933.7485428484;25219.525459866;17025.2314392012
"none";"1";"low";"none";"none";2059;"none";"1";"low";"none";"none";328567.652820429;241107.741979186;179800.552492658;32790.0857426128;24100.0084084588;16493.5495964306;1.11843263565491;0.977779704556404;0.822833212289522;0;0;0;NA;NA;NA;0.136796911086254;0.118911427019186;0.100214115513188;32790.0857426128;24100.0084084588;16493.5495964306;1.11843263565491;0.977779704556404;0.822833212289522;11789034.0570313;5565355.74351783;3290651.8753204;328567.652820429;241107.741979186;179800.552492658;0.463185595473635;0.406057629603622;0.34527157837596;32790.0857426128;24100.0084084589;16493.5495964306
"none";"1";"low";"none";"none";2060;"none";"1";"low";"none";"none";327227.155553143;246695.767480953;187110.649830658;32045.4217296397;23648.4061264549;17601.4570323854;1.19794743370038;1.00791682637192;0.852442679890353;0;0;0;NA;NA;NA;0.138829313177063;0.119938693264074;0.0940151266054461;32045.4217296397;23648.4061264549;17601.4570323854;1.19794743370038;1.00791682637192;0.852442679890353;10932688.097624;5883814.86740776;2926483.63185401;327227.155553143;246695.767480953;187110.649830658;0.469624621058284;0.409368067396515;0.324863096532281;32045.4217296397;23648.4061264549;17601.4570323854
"none";"1";"low";"none";"none";2061;"none";"1";"low";"none";"none";353831.473067384;246751.189478073;174660.732884591;32126.5231930551;24098.7185708688;18405.6398468396;1.33855169921557;0.984419362061442;0.84669073357064;0;0;0;NA;NA;NA;0.136431985216627;0.117574362484409;0.0985082386405197;32126.5231930551;24098.7185708688;18405.6398468396;1.33855169921557;0.984419362061442;0.84669073357064;12079433.1636612;5763616.28859148;3107527.62475137;353831.473067384;246751.189478073;174660.732884591;0.462031834612379;0.401745361539121;0.339665493380742;32126.5231930551;24098.7185708688;18405.6398468396
"none";"1";"low";"none";"none";2062;"none";"1";"low";"none";"none";339205.637681068;251862.610290192;194277.084246644;34408.3661055553;24215.1571857892;16945.0114727632;1.23175934587462;0.977003875048546;0.796338075618445;0;0;0;NA;NA;NA;0.136857598871793;0.119654486484385;0.0951105881649875;34408.3661055553;24215.1571857892;16945.0114727632;1.23175934587462;0.977003875048546;0.796338075618445;12008290.4671067;5522956.39013638;3385248.02036873;339205.637681068;251862.610290192;194277.084246644;0.463372538273774;0.408452671554048;0.328476574512781;34408.3661055553;24215.1571857892;16945.0114727632
"none";"1";"low";"none";"none";2063;"none";"1";"low";"none";"none";345951.37025505;256235.459304122;200825.768914373;33707.5719027712;24630.691121461;19009.5267629629;1.31535234849141;1.00020630420322;0.850970018109592;0;0;0;NA;NA;NA;0.137306509531943;0.118796850887537;0.0931780404048278;33707.5719027712;24630.691121461;19009.5267629629;1.31535234849141;1.00020630420322;0.850970018109592;9041102.31234181;5856405.42331756;2960780.24101477;345951.37025505;256235.459304122;200825.768914373;0.464803518023217;0.405688716407874;0.322098467116073;33707.5719027712;24630.691121461;19009.5267629629
"none";"1";"low";"none";"none";2064;"none";"1";"low";"none";"none";330797.231712959;248919.397931459;196130.212408762;34044.0161945802;25126.4478212778;19611.3060159488;1.35221633370606;1.01124920377389;0.845554098404853;0;0;0;NA;NA;NA;0.138371392299359;0.119776007674427;0.0970146511592036;34044.0161945802;25126.4478212778;19611.3060159488;1.35221633370606;1.01124920377389;0.845554098404853;11003101.4475641;6147174.30704252;3681097.78606127;330797.231712959;248919.397931459;196130.212408762;0.468175207477156;0.408844131630972;0.334746547013841;34044.0161945802;25126.4478212778;19611.3060159488
"none";"1";"low";"none";"none";2065;"none";"1";"low";"none";"none";315702.493010831;253526.214458687;204412.912218422;32289.8338380696;24173.9271032717;18679.0656641981;1.20213610935868;0.981140751947533;0.832610208386603;0;0;0;NA;NA;NA;0.135195550585291;0.1163382192167;0.0974330568359286;32289.8338380696;24173.9271032717;18679.0656641981;1.20213610935868;0.981140751947533;0.832610208386603;11728460.7762438;5896242.51885977;2623319.11481248;315702.493010831;253526.214458687;204412.912218422;0.458102641862907;0.397752553880044;0.336129187051243;32289.8338380696;24173.9271032717;18679.0656641981
"none";"1";"low";"none";"none";2066;"none";"1";"low";"none";"none";343278.724086846;261051.052113441;190369.194464783;31362.5820364691;24948.7586959397;19789.4942738041;1.27521157033604;0.998914523009537;0.826781898474244;0;0;0;NA;NA;NA;0.136933245524019;0.120176054016522;0.097848811111787;31362.5820364691;24948.7586959397;19789.4942738041;1.27521157033604;0.998914523009537;0.826781898474244;10211554.9297989;6370276.79362836;3804324.09809722;343278.724086846;261051.052113441;190369.194464783;0.463617345616116;0.410132425898211;0.337495713602443;31362.5820364691;24948.7586959397;19789.4942738041
"none";"1";"low";"none";"none";2067;"none";"1";"low";"none";"none";323498.650991266;256646.516503864;192639.288678429;33841.2915026571;25294.214679635;18067.6185540155;1.29683797729987;0.975685292508976;0.803759185624893;0;0;0;NA;NA;NA;0.13355417778912;0.119408462305102;0.103606078511619;33841.2915026571;25294.214679635;18067.6185540155;1.29683797729987;0.975685292508976;0.803759185624893;9505195.37165148;5632367.06464649;3209314.58962683;323498.650991266;256646.516503864;192639.288678429;0.452882799139104;0.407659978090981;0.356383424578528;33841.2915026571;25294.214679635;18067.6185540155
"none";"1";"low";"none";"none";2068;"none";"1";"low";"none";"none";321312.572194567;254699.763369039;188549.64311497;31670.139769001;25112.666109384;18927.4358029639;1.16697518478385;0.975497743533734;0.862264252462468;0;0;0;NA;NA;NA;0.138411985439809;0.12045839111039;0.109403350739932;31670.139769001;25112.666109384;18927.4358029639;1.16697518478385;0.975497743533734;0.862264252462468;10281878.7802283;6631935.53320003;3697169.98545194;321312.572194567;254699.763369039;188549.64311497;0.468303715051512;0.411041282181279;0.37526534342931;31670.139769001;25112.666109384;18927.4358029639
"none";"1";"med";"none";"none";2018;"none";"1";"med";"none";"none";148258.626024506;148258.626024506;148258.626024506;14600;14600;14600;0.67062811902363;0.67062811902363;0.67062811902363;0;0;0;NA;NA;NA;0.118393046898461;0.112663790900771;0.0984514327092613;14600;14600;14600;0.67062811902363;0.67062811902363;0.67062811902363;12596134.5464045;5003635.80480147;2474932.65337729;148258.626024506;148258.626024506;148258.626024506;0.40438664376215;0.385860824802273;0.339468497967781;14600;14600;14600
"none";"1";"med";"none";"none";2019;"none";"1";"med";"none";"none";250377.940402443;162671.328654183;133470.632533617;9266.62425863264;9266.62425863264;9266.62425863263;0.634700291687167;0.634700291687167;0.634700291687167;0;0;0;NA;NA;NA;0.0765663095161086;0.0648940222375398;0.0436085086373733;9266.62425863264;9266.62425863264;9266.62425863263;0.634700291687167;0.634700291687167;0.634700291687167;16594797.5336742;5565531.2517187;2663296.66223074;250377.940402443;162671.328654183;133470.632533617;0.266777755466876;0.227392634046334;0.15435112103794;9266.62425863264;9266.62425863264;9266.62425863264
"none";"1";"med";"none";"none";2020;"none";"1";"med";"none";"none";353864.455402375;184021.875238638;142797.517159955;20473.098218783;8085.03325916032;2849.86307256934;2.20933725673733;0.872489596373613;0.307540587923855;0;0;0;NA;NA;NA;0.0857311689857315;0.0496406676601926;0.0113216744770724;20473.098218783;8085.03325916032;2849.86307256934;2.20933725673733;0.872489596373613;0.307540587923855;20292345.6864646;6036951.76371791;2756490.4039496;353864.455402375;184021.875238638;142797.517159955;0.297246515297429;0.175206463146181;0.040676584621214;20473.098218783;8085.03325916032;2849.86307256934
"none";"1";"med";"none";"none";2021;"none";"1";"med";"none";"none";450312.772338293;242739.238370613;148012.949638306;40332.5694136106;3653.16721615892;1e-06;6.18911232231292;0.508482233412795;1.18894338802368e-10;0;0;0;NA;NA;NA;0.126608046556011;0.0209651091636627;0;40332.5694136106;3653.16721615892;1e-06;6.18911232231292;0.508482233412795;1.18894338802368e-10;22829784.4762046;8172736.92802935;3565979.15862309;450312.772338293;242739.238370613;148012.949638306;0.430735978845357;0.074996434000292;1.1499828991891e-11;40332.5694136106;3653.16721615892;1e-06
"none";"1";"med";"none";"none";2022;"none";"1";"med";"none";"none";514596.869456168;290616.045347272;160630.826984863;42619.5203214769;1e-06;1e-06;36767782713.1147;0.861672849317302;1.63631118158333e-10;0;0;0;NA;NA;NA;0.114381378007425;0;0;42619.5203214769;1e-06;1e-06;36767782713.1147;0.861672849317302;1.63631118158333e-10;27107195.2876123;9728821.87127856;3457114.72056608;514596.869456168;290616.045347272;160630.826984863;0.391424812625027;2.87306311393539e-11;1.08844305699793e-11;42619.5203214769;1e-06;1e-06
"none";"1";"med";"none";"none";2023;"none";"1";"med";"none";"none";675332.600215313;344989.431394174;196217.698056159;49066.282011224;28627.7299725147;1e-06;36785387714.1945;1;1.01096808721101e-09;0;0;0;NA;NA;NA;0.121486199883416;0.0785388363412168;0;49066.282011224;28627.7299725147;1e-06;36785387714.1945;1;1.01096808721101e-09;21919897.9439759;9195658.00596929;4378472.37855969;675332.600215313;344989.431394174;196217.698056159;0.414338318981232;0.2733690181248;1.1148372829937e-11;49066.282011224;28627.7299725147;1e-06
"none";"1";"med";"none";"none";2024;"none";"1";"med";"none";"none";732732.489273576;395949.328772098;209364.470808166;65706.7988353;35327.8538361362;1e-06;40478461761.6411;1.06669062800874;0.925025985893992;0;0;0;NA;NA;NA;0.1269634979967;0.105948119170148;0;65706.7988353;35327.8538361362;1e-06;40478461761.6411;1.06669062800874;0.925025985893992;20447664.0872997;11584582.9070481;4872972.7483633;732732.489273576;395949.328772098;209364.470808166;0.431899332978634;0.364041459406674;1.38544334193903e-11;65706.7988353;35327.8538361362;1e-06
"none";"1";"med";"none";"none";2025;"none";"1";"med";"none";"none";675889.31506145;422793.402799042;259507.913564693;74127.3504123915;39042.486332228;1e-06;30093779101.5364;1.037647183451;0.871956212205258;0;0;0;NA;NA;NA;0.134113473828237;0.107257792416497;0;74127.3504123915;39042.486332228;1e-06;30093779101.5364;1.037647183451;0.871956212205258;23279048.3303308;10923609.2466306;6687582.23487604;675889.31506145;422793.402799042;259507.913564693;0.454662415339575;0.368268104942679;1.24993536099606e-11;74127.3504123915;39042.486332228;1e-06
"none";"1";"med";"none";"none";2026;"none";"1";"med";"none";"none";680917.860666933;467150.602552355;305331.249438349;67833.3481413686;41113.6192097958;11932.5204659745;34107707612.2288;1.07174380229625;0.823389208233738;0;0;0;NA;NA;NA;0.133743969913512;0.109193459587366;0.0300313851572334;67833.3481413686;41113.6192097958;11932.5204659745;34107707612.2288;1.07174380229625;0.823389208233738;32913346.1023792;12164284.5700824;5469025.67699621;680917.860666933;467150.602552355;305331.249438349;0.453486907981852;0.374581243277584;0.10513583469748;67833.3481413686;41113.6192097958;11932.5204659745
"none";"1";"med";"none";"none";2027;"none";"1";"med";"none";"none";734724.493339516;512496.540173435;328445.512480617;70260.0118858303;44759.8227416546;30010.0829577874;16492902435.9251;1.06406024602254;0.86494484957382;0;0;0;NA;NA;NA;0.1310394897146;0.114424763048572;0.084946145892592;70260.0118858303;44759.8227416546;30010.0829577874;16492902435.9251;1.06406024602254;0.86494484957382;30632989.6033857;11761279.8241899;5659422.20688166;734724.493339516;512496.540173435;328445.512480617;0.444894168339864;0.391565055879694;0.294800690046984;70260.0118858303;44759.8227416546;30010.0829577874
"none";"1";"med";"none";"none";2028;"none";"1";"med";"none";"none";819296.371403613;527232.4077927;318768.227436384;72596.1437047535;49753.6036959902;31497.5708436856;1.46916756041581;1.03549654947426;0.863771446126701;0;0;0;NA;NA;NA;0.134026649904015;0.117170360263594;0.0933652320409167;72596.1437047535;49753.6036959902;31497.5708436856;1.46916756041581;1.03549654947426;0.863771446126701;27824956.5277836;11891894.2897588;5210390.1074962;819296.371403613;527232.4077927;318768.227436384;0.454385971026818;0.400441013877152;0.322711427494509;72596.1437047535;49753.6036959902;31497.5708436856
"none";"1";"med";"none";"none";2029;"none";"1";"med";"none";"none";768193.701016485;533721.39819157;373685.776238309;79209.0428361006;51167.3379942379;31460.3230729677;1.38885906305433;1.00708200361998;0.870897813313423;0;0;0;NA;NA;NA;0.137731420230939;0.117401531946562;0.0909081944945513;79209.0428361006;51167.3379942379;31460.3230729677;1.38885906305433;1.00708200361998;0.870897813313423;38636027.4472967;11747623.188788;6031521.07272094;768193.701016485;533721.39819157;373685.776238309;0.466148984574079;0.401187496312871;0.314584938659235;79209.0428361006;51167.3379942379;31460.3230729677
"none";"1";"med";"none";"none";2030;"none";"1";"med";"none";"none";883236.758039692;525558.983709099;342793.891328285;75647.6550564402;52039.6803714171;34516.7944772431;1.39842231116303;0.9813099037383;0.797202152361265;0;0;0;NA;NA;NA;0.13700143781546;0.118661462755625;0.0864526041932129;75647.6550564402;52039.6803714171;34516.7944772431;1.39842231116303;0.9813099037383;0.797202152361265;26090197.9000481;11186824.6832886;5679386.68258784;883236.758039692;525558.983709099;342793.891328285;0.463834220227471;0.405252187767478;0.299762145364844;75647.6550564402;52039.6803714171;34516.7944772431
"none";"1";"med";"none";"none";2031;"none";"1";"med";"none";"none";806595.84246467;524493.446343893;333761.298612443;88110.972048736;51952.007854376;34120.9938579889;1.4530379632316;0.982130126681188;0.834025345400405;0;0;0;NA;NA;NA;0.142737922355022;0.11876304617712;0.0985836081147111;88110.972048736;51952.007854376;34120.9938579889;1.4530379632316;0.982130126681188;0.834025345400405;26419058.7816583;11111419.1930879;4880644.02542222;806595.84246467;524493.446343893;333761.298612443;0.481922057048199;0.405579831456292;0.339914118457245;88110.972048736;51952.007854376;34120.9938579889
"none";"1";"med";"none";"none";2032;"none";"1";"med";"none";"none";759706.116955966;526470.130590564;354195.408836134;77395.3942683909;51213.6762772055;32898.8225696277;1.20435597088503;0.977137843691544;0.787499399293791;0;0;0;NA;NA;NA;0.138817845680317;0.121241490445842;0.0950580888151477;77395.3942683909;51213.6762772055;32898.8225696277;1.20435597088503;0.977137843691544;0.787499399293791;29859768.942814;12373277.8363142;5674185.44818187;759706.116955966;526470.130590564;354195.408836134;0.46958711788484;0.413556122434686;0.32830499297876;77395.3942683909;51213.6762772055;32898.8225696277
"none";"1";"med";"none";"none";2033;"none";"1";"med";"none";"none";811055.809309932;537682.345201647;351693.816022192;73675.6615797733;50871.91642115;33662.2786806361;1.30660877929477;0.94679708564013;0.805851530528831;0;0;0;NA;NA;NA;0.135957370676059;0.119317790482426;0.0926975603162348;73675.6615797733;50871.91642115;33662.2786806361;1.30660877929477;0.94679708564013;0.805851530528831;23302881.728333;11454233.0485878;4715572.808163;811055.809309932;537682.345201647;351693.816022192;0.460523968270987;0.407367581814766;0.320510625778838;73675.6615797733;50871.91642115;33662.2786806361
"none";"1";"med";"none";"none";2034;"none";"1";"med";"none";"none";770965.637229795;534708.044394182;366324.280865833;78869.1555691437;51108.0951965368;33939.9477269499;1.35581242102718;0.989381951805592;0.810949912252689;0;0;0;NA;NA;NA;0.141119142611069;0.119130201731564;0.0916475167553418;78869.1555691437;51108.0951965368;33939.9477269499;1.35581242102718;0.989381951805592;0.810949912252689;27166170.0823634;11650784.9255281;5697032.35339984;770965.637229795;534708.044394182;366324.280865833;0.47683173092098;0.406763308911361;0.317037488282419;78869.1555691437;51108.0951965368;33939.9477269499
"none";"1";"med";"none";"none";2035;"none";"1";"med";"none";"none";748191.881647265;548736.576518274;378980.414585032;74463.9804566775;51266.8432220894;34853.1344355628;1.32773524392394;0.960074578041974;0.76041935856028;0;0;0;NA;NA;NA;0.143645343035432;0.114788048912748;0.0887093796467501;74463.9804566775;51266.8432220894;34853.1344355628;1.32773524392394;0.960074578041974;0.76041935856028;25717201.3379565;11105894.1274057;4149426.19619937;748191.881647265;548736.576518274;378980.414585032;0.484781364344828;0.392741223372147;0.30730291822493;74463.9804566775;51266.8432220894;34853.1344355628
"none";"1";"med";"none";"none";2036;"none";"1";"med";"none";"none";748856.531053329;548272.537836956;351444.960096915;71320.9867495912;52574.2207377313;36800.1100826733;1.43412436422194;0.997824709160669;0.762217874313596;0;0;0;NA;NA;NA;0.14196697034438;0.116928850729247;0.0931223525468561;71320.9867495912;52574.2207377313;36800.1100826733;1.43412436422194;0.997824709160669;0.762217874313596;30136857.7723863;12888931.3808605;5100595.92821095;748856.531053329;548272.537836956;351444.960096915;0.479505840537731;0.399659487859732;0.321910632373375;71320.9867495912;52574.2207377313;36800.1100826733
"none";"1";"med";"none";"none";2037;"none";"1";"med";"none";"none";817082.088536792;553973.418717615;358308.267887545;71514.8897168489;53481.6250956768;33685.0218005216;1.30157049314854;0.942637489215876;0.778113053385018;0;0;0;NA;NA;NA;0.142020051947236;0.116072137803499;0.0811696174885382;71514.8897168489;53481.6250956768;33685.0218005216;1.30157049314854;0.942637489215876;0.778113053385018;26170998.5010596;12494539.1997794;5812612.560956;817082.088536792;553973.418717615;358308.267887545;0.479657381516681;0.396893734619939;0.282023818203333;71514.8897168489;53481.6250956768;33685.0218005216
"none";"1";"med";"none";"none";2038;"none";"1";"med";"none";"none";865189.645448951;551670.528459856;369217.996255107;80455.3429778005;54635.7879637503;33647.9697698176;1.49549774185647;1.02308117591223;0.793800828403397;0;0;0;NA;NA;NA;0.136445158234082;0.118505944692606;0.0893421528240261;80455.3429778005;54635.7879637503;33647.9697698176;1.49549774185647;1.02308117591223;0.793800828403397;26468532.6031386;11317090.5169529;5180302.25929938;865189.645448951;551670.528459856;369217.996255107;0.462072538360704;0.404750854074662;0.309391495482138;80455.3429778005;54635.7879637503;33647.9697698176
"none";"1";"med";"none";"none";2039;"none";"1";"med";"none";"none";850918.239921205;553841.470062986;365210.250028495;86704.4779481795;53653.3410313918;35830.7721353117;1.41731640171824;0.991995493662419;0.794914833783132;0;0;0;NA;NA;NA;0.1355344635607;0.120949285377911;0.0912915269807928;86704.4779481795;53653.3410313918;35830.7721353117;1.41731640171824;0.991995493662419;0.794914833783132;35362609.6160273;11864636.7206694;5751607.56658772;850918.239921205;553841.470062986;365210.250028495;0.459180554270718;0.412621371137007;0.315859033729221;86704.4779481794;53653.3410313918;35830.7721353117
"none";"1";"med";"none";"none";2040;"none";"1";"med";"none";"none";807606.442277579;557060.649848223;383057.950965282;81941.4343403676;54089.5038340408;35413.1711895761;1.33545725361325;0.964077616311857;0.80909019112822;0;0;0;NA;NA;NA;0.140414680648395;0.121956989691619;0.0873551829193016;81941.4343403676;54089.5038340408;35413.1711895761;1.33545725361325;0.964077616311857;0.80909019112822;27440040.7797368;11738213.3284216;5862833.48793547;807606.442277579;557060.649848223;383057.950965282;0.47458847477659;0.4158511753961;0.302806894353215;81941.4343403676;54089.5038340408;35413.1711895761
"none";"1";"med";"none";"none";2041;"none";"1";"med";"none";"none";815154.412150424;558614.86080085;396780.586884181;82344.0673788828;53096.3948963913;36917.3548024031;1.45660446626055;0.9381058540032;0.8118019698005;0;0;0;NA;NA;NA;0.138688161282943;0.117810182609915;0.0947611441877295;82344.0673788828;53096.3948963913;36917.3548024031;1.45660446626055;0.9381058540032;0.8118019698005;31548094.9082856;11723242.9964129;4450541.72450253;815154.412150424;558614.86080085;396780.586884181;0.46917807358481;0.402506484950038;0.327318710465879;82344.0673788828;53096.3948963913;36917.3548024031
"none";"1";"med";"none";"none";2042;"none";"1";"med";"none";"none";851914.79642704;554384.882605536;383226.839918928;81688.1220312267;53690.4486624835;38097.3851040573;1.28194887507442;0.963816482271069;0.76773724311518;0;0;0;NA;NA;NA;0.14312050171626;0.121498989717116;0.0855943416299057;81688.1220312267;53690.4486624835;38097.3851040573;1.28194887507442;0.963816482271069;0.76773724311518;27906088.3800507;12008977.1423577;5240572.00529336;851914.79642704;554384.882605536;383226.839918928;0.483128301388668;0.414383092747007;0.296954113940265;81688.1220312267;53690.4486624835;38097.3851040573
"none";"1";"med";"none";"none";2043;"none";"1";"med";"none";"none";780075.85001191;545408.726485678;357407.135183049;81689.3961562803;53241.2846396739;36111.3202084545;1.39960359074848;0.957332018954541;0.765605576664842;0;0;0;NA;NA;NA;0.139223357764615;0.118380448507677;0.0942056340790925;81689.3961562803;53241.2846396739;36111.3202084545;1.39960359074848;0.957332018954541;0.765605576664842;38883257.7189035;11304787.8804886;4735075.38235624;780075.85001191;545408.726485678;357407.135183049;0.470870983883261;0.404345801658121;0.325486461818101;81689.3961562803;53241.2846396739;36111.3202084545
"none";"1";"med";"none";"none";2044;"none";"1";"med";"none";"none";870872.102168455;550770.666936103;360251.381897632;76936.5139650005;54195.3705873072;33672.6539218179;1.28675376307308;0.983877036669337;0.808823346371498;0;0;0;NA;NA;NA;0.141441746726775;0.119915121707177;0.0837531909100501;76936.5139650005;54195.3705873072;33672.6539218179;1.28675376307308;0.983877036669337;0.808823346371498;23984215.9937135;10923652.1828181;5208951.6491574;870872.102168455;550770.666936103;360251.381897632;0.477831975968126;0.409291743729187;0.290770662724447;76936.5139650005;54195.3705873072;33672.6539218179
"none";"1";"med";"none";"none";2045;"none";"1";"med";"none";"none";858264.714791756;509458.87627045;349893.655402794;81650.072386506;54288.8419999669;33258.6542039049;1.52412869865144;0.975748569559331;0.79590114085041;0;0;0;NA;NA;NA;0.14325185393929;0.120379962298208;0.095748260425164;81650.072386506;54288.8419999669;33258.6542039049;1.52412869865144;0.975748569559331;0.79590114085041;33500339.3891489;11518653.9076422;4296667.22006857;858264.714791756;509458.87627045;349893.655402794;0.483533381878624;0.410788478545028;0.330566939792579;81650.072386506;54288.8419999669;33258.6542039049
"none";"1";"med";"none";"none";2046;"none";"1";"med";"none";"none";808265.393278543;511612.168966332;332972.084356251;82395.1617433548;48235.4314023969;33497.4274955788;1.26172475053189;0.953337525673043;0.766238561310763;0;0;0;NA;NA;NA;0.142328013890734;0.121392635923601;0.0811897882607724;82395.1617433548;48235.4314023969;33497.4274955788;1.26172475053189;0.953337525673043;0.766238561310763;23535986.0866403;10560477.0544665;3876134.5318942;808265.393278543;511612.168966332;332972.084356251;0.480628233003415;0.414037530580806;0.282252494764936;82395.1617433548;48235.4314023969;33497.4274955788
"none";"1";"med";"none";"none";2047;"none";"1";"med";"none";"none";755022.776528395;526907.453773144;307477.674795976;78963.1967320622;48327.6208204478;31888.2492109935;1.468539164157;0.950534357734416;0.751472162721042;0;0;0;NA;NA;NA;0.1409897959776;0.123147226469294;0.0848272627319745;78963.1967320622;48327.6208204478;31888.2492109935;1.468539164157;0.950534357734416;0.751472162721042;20550507.7951389;10739690.8897719;4630267.50853789;755022.776528395;526907.453773144;307477.674795976;0.476405029291645;0.419674385969381;0.294357195407997;78963.1967320622;48327.6208204478;31888.2492109935
"none";"1";"med";"none";"none";2048;"none";"1";"med";"none";"none";692535.467410865;507441.920450079;322424.717648027;75485.3217114808;50800.8395048235;28557.7248359887;1.35633084268103;0.963111662733274;0.773127860666408;0;0;0;NA;NA;NA;0.136592257034131;0.120982797027567;0.100665884349966;75485.3217114808;50800.8395048235;28557.7248359887;1.35633084268103;0.963111662733274;0.773127860666408;26084605.079343;10856317.3742199;5091844.26977101;692535.467410865;507441.920450079;322424.717648027;0.462540406215713;0.412718767727493;0.346752767626716;75485.3217114808;50800.8395048235;28557.7248359887
"none";"1";"med";"none";"none";2049;"none";"1";"med";"none";"none";690667.836571944;513122.187785838;313674.340033527;69775.2037290685;50179.8807150628;29234.0184517319;1.1957602308878;0.935883069870597;0.787390495365819;0;0;0;NA;NA;NA;0.143039324003561;0.117448963428582;0.0920640341409325;69775.2037290685;50179.8807150628;29234.0184517319;1.1957602308878;0.935883069870597;0.787390495365819;29251250.5262254;12674618.7777842;6364447.733676;690667.836571944;513122.187785838;313674.340033527;0.482872530549737;0.401333611030996;0.318414900888682;69775.2037290685;50179.8807150628;29234.0184517319
"none";"1";"med";"none";"none";2050;"none";"1";"med";"none";"none";742090.149667587;507324.639707557;341032.367356611;67997.9710729422;47303.3764710259;30029.7487017999;1.32926466164701;0.990264684848749;0.793021666884996;0;0;0;NA;NA;NA;0.134228551062674;0.115800484064099;0.078857837155386;67997.9710729422;47303.3764710259;30029.7487017999;1.32926466164701;0.990264684848749;0.793021666884996;29341244.1143788;14049062.9470205;6264342.62184811;742090.149667587;507324.639707557;341032.367356611;0.45502646020282;0.396015608924581;0.274426156552333;67997.9710729422;47303.3764710259;30029.7487017999
"none";"1";"med";"none";"none";2051;"none";"1";"med";"none";"none";826149.691664006;522743.203819314;387886.808306973;72190.000812283;49016.6368947794;32836.373104076;1.55621378223755;1.0243194973288;0.861415389757564;0;0;0;NA;NA;NA;0.140672684812811;0.113871378507652;0.0878044038017305;72190.000812283;49016.6368947794;32836.373104076;1.55621378223755;1.0243194973288;0.861415389757564;25759253.4399942;11466725.2423612;5228781.0576697;826149.691664006;522743.203819314;387886.808306973;0.47540328022522;0.389773213045381;0.304295629458961;72190.000812283;49016.6368947794;32836.3731040759
"none";"1";"med";"none";"none";2052;"none";"1";"med";"none";"none";778717.779665515;513342.402981036;386080.321236583;80922.2698756571;50905.7393951083;36862.2687945643;1.40156688077821;1.05354955039169;0.828387763008625;0;0;0;NA;NA;NA;0.141245590460038;0.119247428111325;0.0896929811710983;80922.2698756571;50905.7393951083;36862.2687945643;1.40156688077821;1.05354955039169;0.828387763008625;24457377.1656102;10575507.3379946;5191186.30941019;778717.779665515;513342.402981036;386080.321236583;0.477211818996445;0.407141123254055;0.31056420017336;80922.2698756571;50905.7393951083;36862.2687945643
"none";"1";"med";"none";"none";2053;"none";"1";"med";"none";"none";741561.3926685;529144.426129038;373303.951727957;75985.0715230367;50051.2105616193;35789.1428651642;1.34219219876442;0.986694151812299;0.78936129917804;0;0;0;NA;NA;NA;0.140138851741837;0.120581121227871;0.0933062373190908;75985.0715230367;50051.2105616193;35789.1428651642;1.34219219876442;0.986694151812299;0.78936129917804;27548434.5982236;11226886.1242763;4431590.17332853;741561.3926685;529144.426129038;373303.951727957;0.473737286096304;0.411430278932013;0.322519133484761;75985.0715230367;50051.2105616193;35789.1428651642
"none";"1";"med";"none";"none";2054;"none";"1";"med";"none";"none";805503.25188406;508307.737731759;361686.370505868;72277.4522946117;51611.2611231295;36188.4476227795;1.23691445858477;0.963769542039211;0.834153298537982;0;0;0;NA;NA;NA;0.144554506603842;0.120908053597007;0.0862631803929823;72277.4522946117;51611.2611231295;36188.4476227795;1.23691445858477;0.963769542039211;0.834153298537982;31924151.9994101;11859678.9285227;4850680.54454287;805503.25188406;508307.737731759;361686.370505868;0.487646007654814;0.412479247071613;0.299179059576823;72277.4522946117;51611.2611231295;36188.4476227795
"none";"1";"med";"none";"none";2055;"none";"1";"med";"none";"none";827124.065197788;501008.472849711;371008.372253454;77367.4552628376;48966.5519489993;36766.1485114752;1.34334608455388;0.972418893413962;0.771691213274469;0;0;0;NA;NA;NA;0.147161081532116;0.119557374454278;0.0753717645596069;77367.4552628376;48966.5519489993;36766.1485114752;1.34334608455388;0.972418893413962;0.771691213274469;27202833.4369505;10874550.9337815;4404237.02401668;827124.065197788;501008.472849711;371008.372253454;0.495833155968092;0.408138969710248;0.262731704154711;77367.4552628376;48966.5519489993;36766.1485114752
"none";"1";"med";"none";"none";2056;"none";"1";"med";"none";"none";777783.813187631;512511.498334727;338856.541919176;80416.1545015075;49196.2599172997;36300.3037289367;1.4934943403281;0.981650999613278;0.757161691735469;0;0;0;NA;NA;NA;0.137920057867313;0.122075552123088;0.0912737363265004;80416.1545015075;49196.2599172997;36300.3037289367;1.4934943403281;0.981650999613278;0.757161691735469;26605489.3027843;11574102.1257142;4881562.4646123;777783.813187631;512511.498334727;338856.541919176;0.466745676470508;0.416232103870097;0.315799963808108;80416.1545015075;49196.2599172997;36300.3037289367
"none";"1";"med";"none";"none";2057;"none";"1";"med";"none";"none";827208.835283449;530274.167251586;325173.11878407;72377.6624068493;49511.1533482187;31367.991817977;1.32865996002456;0.97025352219629;0.773870231570659;0;0;0;NA;NA;NA;0.13508298001767;0.118397186788648;0.0918373498344449;72377.6624068493;49511.1533482187;31367.991817977;1.32865996002456;0.97025352219629;0.773870231570659;22101931.7863301;10270351.4066181;4728448.53476327;827208.835283449;530274.167251586;325173.11878407;0.457745566391116;0.404400122804442;0.31766564458941;72377.6624068493;49511.1533482187;31367.991817977
"none";"1";"med";"none";"none";2058;"none";"1";"med";"none";"none";767977.81725728;508783.462303945;327705.963012734;82061.6760452657;51638.9303711325;31179.1012426586;1.34418687682002;0.988425683714269;0.820649543505203;0;0;0;NA;NA;NA;0.136895070838217;0.12071997752579;0.101792483707837;82061.6760452657;51638.9303711325;31179.1012426586;1.34418687682002;0.988425683714269;0.820649543505203;23944349.2250658;12336809.4037356;5347423.71889494;767977.81725728;508783.462303945;327705.963012734;0.463497511655151;0.411883407483766;0.350451216813204;82061.6760452657;51638.9303711325;31179.1012426586
"none";"1";"med";"none";"none";2059;"none";"1";"med";"none";"none";758714.17905648;501484.848098761;345730.50794733;75252.9806377167;49422.169341995;30644.6388515806;1.16992490835015;0.969130774493308;0.776312891139869;0;0;0;NA;NA;NA;0.140933665927007;0.11770020469324;0.0917516821811512;75252.9806377167;49422.169341995;30644.6388515806;1.16992490835015;0.969130774493308;0.776312891139869;30074296.0777704;10869549.2679573;5232696.90284437;758714.17905648;501484.848098761;345730.50794733;0.476227305229143;0.402151154868825;0.317382248055855;75252.9806377167;49422.169341995;30644.6388515806
"none";"1";"med";"none";"none";2060;"none";"1";"med";"none";"none";746711.634283004;509969.951026025;358359.680223981;73255.5549500632;47572.5034165943;33511.6057571244;1.35212120825525;1.01088808672244;0.808188839607602;0;0;0;NA;NA;NA;0.142917306924015;0.119571883608545;0.0848433667132993;73255.5549500632;47572.5034165943;33511.6057571244;1.35212120825525;1.01088808672244;0.808188839607602;27116066.2820336;11598401.0605419;4566584.27029239;746711.634283004;509969.951026025;358359.680223981;0.482487745208762;0.408186549826539;0.294452273806854;73255.5549500632;47572.5034165943;33511.6057571244
"none";"1";"med";"none";"none";2061;"none";"1";"med";"none";"none";826944.572411261;515009.694716409;326007.223059799;72382.7576731501;48558.2274931018;35020.5788621577;1.46431051914536;0.970083903431707;0.804361457424054;0;0;0;NA;NA;NA;0.139869757456445;0.11651524641255;0.0878461386267482;72382.7576731501;48558.2274931018;35020.5788621577;1.46431051914536;0.970083903431707;0.804361457424054;31068724.0105484;11432252.8689603;4837996.68001501;826944.572411261;515009.694716409;326007.223059799;0.472887392312496;0.398325452365222;0.304427885679482;72382.75767315;48558.2274931018;35020.5788621577
"none";"1";"med";"none";"none";2062;"none";"1";"med";"none";"none";786488.112803281;531953.081441374;392811.356256766;80512.6914088038;49659.6317331432;31788.7551709459;1.34880510729879;0.964334953043987;0.789317019003121;0;0;0;NA;NA;NA;0.140092597240037;0.11875816966866;0.0865298092800371;80512.6914088038;49659.6317331432;31788.7551709459;1.34880510729879;0.964334953043987;0.789317019003121;30820640.9198221;10636790.5220885;5439950.24060112;786488.112803281;531953.081441374;392811.356256766;0.473587954726254;0.405563890110765;0.300063599440743;80512.6914088038;49659.6317331431;31788.7551709459
"none";"1";"med";"none";"none";2063;"none";"1";"med";"none";"none";807713.40268333;527125.637272193;391946.944312274;77752.2716865884;51438.1518178448;36396.3663432;1.44730197146285;0.996146212426298;0.811544647373451;0;0;0;NA;NA;NA;0.140435976154509;0.118894162424035;0.0815411550791039;77752.2716865884;51438.1518178448;36396.3663432;1.44730197146285;0.996146212426298;0.811544647373451;20918151.0265074;11569037.9345473;4532421.43713761;807713.40268333;527125.637272193;391946.944312274;0.47467253109241;0.405999145711889;0.283440823576959;77752.2716865884;51438.1518178448;36396.3663432
"none";"1";"med";"none";"none";2064;"none";"1";"med";"none";"none";773629.065976696;525725.821155002;381084.696881957;78533.5927057144;52404.1191363655;38039.0885489351;1.53780291127586;1.00004978101224;0.801076439515501;0;0;0;NA;NA;NA;0.142538478928526;0.119316729511048;0.0889608976142636;78533.5927057144;52404.1191363655;38039.0885489351;1.53780291127586;1.00004978101224;0.801076439515501;27336623.9318292;12315060.0862613;6397798.72449553;773629.065976696;525725.821155002;381084.696881957;0.48129300504837;0.40736441321778;0.308137165932879;78533.5927057144;52404.1191363655;38039.0885489351
"none";"1";"med";"none";"none";2065;"none";"1";"med";"none";"none";741212.587029556;527095.115458662;395519.033836779;74198.9406927882;50880.4506577466;36263.5889378347;1.28385794475855;0.965970829988332;0.790689568157762;0;0;0;NA;NA;NA;0.137744709134962;0.115233947784975;0.0895974188624664;74198.9406927882;50880.4506577466;36263.5889378347;1.28385794475855;0.965970829988332;0.790689568157762;29839943.4196955;11631754.6504226;3836297.09400783;741212.587029556;527095.115458662;395519.033836779;0.466191054591539;0.394183678807353;0.310247058050224;74198.9406927882;50880.4506577466;36263.5889378347
"none";"1";"med";"none";"none";2066;"none";"1";"med";"none";"none";802971.022877481;549521.600147116;374484.388737336;73006.9274712194;52167.0196837721;37497.608181519;1.39907682030463;0.985338903436843;0.778606239863644;0;0;0;NA;NA;NA;0.14005650734182;0.11920031589529;0.088212303738775;73006.9274712194;52167.0196837721;37497.608181519;1.39907682030463;0.985338903436843;0.778606239863644;24685009.1063623;13221392.8511222;6589935.56589624;802971.022877481;549521.600147116;374484.388737336;0.473476383419218;0.406989047106464;0.305647602024841;73006.9274712194;52167.0196837721;37497.608181519
"none";"1";"med";"none";"none";2067;"none";"1";"med";"none";"none";753387.129814397;536116.891200647;376637.357413823;78471.036741608;52576.2962779666;34417.0580311352;1.45837420510401;0.969748921662509;0.763833468579836;0;0;0;NA;NA;NA;0.137690753438573;0.118710427977512;0.0971384593479114;78471.036741608;52576.2962779666;34417.0580311352;1.45837420510401;0.969748921662509;0.763833468579836;22383733.0338192;11003231.9756034;5622762.05724247;753387.129814397;536116.891200647;376637.357413823;0.466020388416677;0.405409992193673;0.335159333544222;78471.036741608;52576.2962779666;34417.0580311352
"none";"1";"med";"none";"none";2068;"none";"1";"med";"none";"none";736822.849686462;525506.268772263;355001.131137459;73169.9337587287;51767.324443262;35737.3605496046;1.23390055230439;0.965248058686121;0.806850345365804;0;0;0;NA;NA;NA;0.143008956233473;0.119129549224412;0.104828237617325;73169.9337587287;51767.324443262;35737.3605496046;1.23390055230439;0.965248058686121;0.806850345365804;24914430.1921324;13664315.0311055;6510723.39970024;736822.849686462;525506.268772263;355001.131137459;0.4827766402297;0.40676126584743;0.360381066588954;73169.9337587287;51767.324443262;35737.3605496046
